source_id,url,source_name,source_type,retrieved_at,published_at,target_year,scope,reliability,note
meiji-data-2025,https://www.meiji.ac.jp/shushoku/date.html,明治大学 就職キャリア支援センター 就職データ,university,2026-10-05,,2025,public,A,
meiji-gakka-2025,https://www.meiji.ac.jp/shushoku/6t5h7p00000c2zmv-att/qfki0t00000j11dh.pdf,明治大学 2025年度学科別就職率,university,2026-10-05,2026-05-01,2025,public,A,就職率＝就職者÷就職希望者（就職者＋就職活動継続中）。学科別のみ公表のため、1学科のみの学部（法・商・情コミ・国日）だけ学科の値を学部値として転記し、複数学科の学部は空欄。2026年5月1日現在
meiji-gyoshu-2025,https://www.meiji.ac.jp/shushoku/6t5h7p00000c2zmv-att/qfki0t00000iz6yt.pdf,明治大学 2025年度業種別就職状況（一覧表）全学部,university,2026-10-05,,2025,public,A,学部別の卒業者数・就職者数・業種別人数。further_study は「大学院進学（国外含む）」の値（各種学校入学・各種試験受験は含めない）。業種区分は大学公表のまま。employment_rate は同年度の学科別就職率資料（meiji-gakka-2025）から転記
meiji-bunkei-2025,https://www.meiji.ac.jp/shushoku/6t5h7p00000c2zmv-att/qfki0t00000iz70y.pdf,明治大学 2025年度主な就職先（文系）,university,2026-10-05,,2025,public,A,文科系7学部の各「主な就職先30社」（学部生のみ、人数あり）を転記。研究科・全学部合計の表は除外
meiji-rikei-2025,https://www.meiji.ac.jp/shushoku/6t5h7p00000c2zmv-att/qfki0t00000iz70z.pdf,明治大学 2025年度主な就職先（理系・大学院生を含む）,university,2026-10-05,,2025,public,A,理工・農・総合数理の各「主な就職先50社」（大学院生を含む、院生は内数）。count は 計−院生前期−院生後期 で学部生数を算出し、学部生0名の企業は除外
meiji-gakka-2024,https://www.meiji.ac.jp/shushoku/6t5h7p00000c2zmv-att/qfki0t000004gqtn.pdf,明治大学 2024年度学科別就職率,university,2026-10-05,,2024,public,A,就職率＝就職者÷就職希望者（就職者＋就職活動継続中）。学科別のみ公表のため、1学科のみの学部（法・商・情コミ・国日）だけ学科の値を学部値として転記し、複数学科の学部は空欄。資料の注記は「2024年5月1日現在」と記載（原文ママ）
meiji-gyoshu-2024,https://www.meiji.ac.jp/shushoku/6t5h7p00000c2zmv-att/qfki0t000004w5cw.pdf,明治大学 2024年度業種別就職状況（一覧表）全学部,university,2026-10-05,,2024,public,A,学部別の卒業者数・就職者数・業種別人数。further_study は「大学院進学（国外含む）」の値（各種学校入学・各種試験受験は含めない）。業種区分は大学公表のまま。employment_rate は同年度の学科別就職率資料（meiji-gakka-2024）から転記
meiji-bunkei-2024,https://www.meiji.ac.jp/shushoku/6t5h7p00000c2zmv-att/qfki0t000006bd4xx.pdf,明治大学 2024年度主な就職先（文系）,university,2026-10-05,,2024,public,A,文科系7学部の各「主な就職先30社」（学部生のみ、人数あり）を転記。研究科・全学部合計の表は除外
meiji-rikei-2024,https://www.meiji.ac.jp/shushoku/6t5h7p00000c2zmv-att/qfki0t000006bd53x.pdf,明治大学 2024年度主な就職先（理系・大学院生を含む）,university,2026-10-05,,2024,public,A,理工・農・総合数理の各「主な就職先50社」（大学院生を含む、院生は内数）。count は 計−院生前期−院生後期 で学部生数を算出し、学部生0名の企業は除外
