university_id,faculty_id,year,industry,count,ratio,source_id
kwansei,kwansei-theology,2025,農業/林業,,0.0,kg-gyoshu-2025
kwansei,kwansei-theology,2025,鉱業,,0.0,kg-gyoshu-2025
kwansei,kwansei-theology,2025,建設業,,0.0,kg-gyoshu-2025
kwansei,kwansei-theology,2025,製造業,,0.238,kg-gyoshu-2025
kwansei,kwansei-theology,2025,電気・ガス・熱供給・水道業,,0.0,kg-gyoshu-2025
kwansei,kwansei-theology,2025,情報通信業,,0.048,kg-gyoshu-2025
kwansei,kwansei-theology,2025,マスコミ,,0.095,kg-gyoshu-2025
kwansei,kwansei-theology,2025,運輸業,,0.0,kg-gyoshu-2025
kwansei,kwansei-theology,2025,卸売業,,0.048,kg-gyoshu-2025
kwansei,kwansei-theology,2025,小売業,,0.048,kg-gyoshu-2025
kwansei,kwansei-theology,2025,金融業・保険業,,0.238,kg-gyoshu-2025
kwansei,kwansei-theology,2025,不動産業・リース業,,0.048,kg-gyoshu-2025
kwansei,kwansei-theology,2025,教育・公益・その他サービス業,,0.19,kg-gyoshu-2025
kwansei,kwansei-theology,2025,公務,,0.048,kg-gyoshu-2025
kwansei,kwansei-theology,2025,分類不能,,0.0,kg-gyoshu-2025
kwansei,kwansei-letters,2025,農業/林業,,0.001,kg-gyoshu-2025
kwansei,kwansei-letters,2025,鉱業,,0.001,kg-gyoshu-2025
kwansei,kwansei-letters,2025,建設業,,0.021,kg-gyoshu-2025
kwansei,kwansei-letters,2025,製造業,,0.142,kg-gyoshu-2025
kwansei,kwansei-letters,2025,電気・ガス・熱供給・水道業,,0.007,kg-gyoshu-2025
kwansei,kwansei-letters,2025,情報通信業,,0.157,kg-gyoshu-2025
kwansei,kwansei-letters,2025,マスコミ,,0.047,kg-gyoshu-2025
kwansei,kwansei-letters,2025,運輸業,,0.065,kg-gyoshu-2025
kwansei,kwansei-letters,2025,卸売業,,0.068,kg-gyoshu-2025
kwansei,kwansei-letters,2025,小売業,,0.059,kg-gyoshu-2025
kwansei,kwansei-letters,2025,金融業・保険業,,0.114,kg-gyoshu-2025
kwansei,kwansei-letters,2025,不動産業・リース業,,0.028,kg-gyoshu-2025
kwansei,kwansei-letters,2025,教育・公益・その他サービス業,,0.216,kg-gyoshu-2025
kwansei,kwansei-letters,2025,公務,,0.07,kg-gyoshu-2025
kwansei,kwansei-letters,2025,分類不能,,0.001,kg-gyoshu-2025
kwansei,kwansei-sociology,2025,農業/林業,,0.0,kg-gyoshu-2025
kwansei,kwansei-sociology,2025,鉱業,,0.002,kg-gyoshu-2025
kwansei,kwansei-sociology,2025,建設業,,0.052,kg-gyoshu-2025
kwansei,kwansei-sociology,2025,製造業,,0.178,kg-gyoshu-2025
kwansei,kwansei-sociology,2025,電気・ガス・熱供給・水道業,,0.006,kg-gyoshu-2025
kwansei,kwansei-sociology,2025,情報通信業,,0.176,kg-gyoshu-2025
kwansei,kwansei-sociology,2025,マスコミ,,0.048,kg-gyoshu-2025
kwansei,kwansei-sociology,2025,運輸業,,0.032,kg-gyoshu-2025
kwansei,kwansei-sociology,2025,卸売業,,0.086,kg-gyoshu-2025
kwansei,kwansei-sociology,2025,小売業,,0.047,kg-gyoshu-2025
kwansei,kwansei-sociology,2025,金融業・保険業,,0.134,kg-gyoshu-2025
kwansei,kwansei-sociology,2025,不動産業・リース業,,0.026,kg-gyoshu-2025
kwansei,kwansei-sociology,2025,教育・公益・その他サービス業,,0.165,kg-gyoshu-2025
kwansei,kwansei-sociology,2025,公務,,0.048,kg-gyoshu-2025
kwansei,kwansei-sociology,2025,分類不能,,0.0,kg-gyoshu-2025
kwansei,kwansei-law,2025,農業/林業,,0.0,kg-gyoshu-2025
kwansei,kwansei-law,2025,鉱業,,0.0,kg-gyoshu-2025
kwansei,kwansei-law,2025,建設業,,0.054,kg-gyoshu-2025
kwansei,kwansei-law,2025,製造業,,0.13,kg-gyoshu-2025
kwansei,kwansei-law,2025,電気・ガス・熱供給・水道業,,0.007,kg-gyoshu-2025
kwansei,kwansei-law,2025,情報通信業,,0.135,kg-gyoshu-2025
kwansei,kwansei-law,2025,マスコミ,,0.034,kg-gyoshu-2025
kwansei,kwansei-law,2025,運輸業,,0.027,kg-gyoshu-2025
kwansei,kwansei-law,2025,卸売業,,0.071,kg-gyoshu-2025
kwansei,kwansei-law,2025,小売業,,0.025,kg-gyoshu-2025
kwansei,kwansei-law,2025,金融業・保険業,,0.194,kg-gyoshu-2025
kwansei,kwansei-law,2025,不動産業・リース業,,0.039,kg-gyoshu-2025
kwansei,kwansei-law,2025,教育・公益・その他サービス業,,0.135,kg-gyoshu-2025
kwansei,kwansei-law,2025,公務,,0.148,kg-gyoshu-2025
kwansei,kwansei-law,2025,分類不能,,0.002,kg-gyoshu-2025
kwansei,kwansei-economics,2025,農業/林業,,0.002,kg-gyoshu-2025
kwansei,kwansei-economics,2025,鉱業,,0.007,kg-gyoshu-2025
kwansei,kwansei-economics,2025,建設業,,0.032,kg-gyoshu-2025
kwansei,kwansei-economics,2025,製造業,,0.15,kg-gyoshu-2025
kwansei,kwansei-economics,2025,電気・ガス・熱供給・水道業,,0.007,kg-gyoshu-2025
kwansei,kwansei-economics,2025,情報通信業,,0.14,kg-gyoshu-2025
kwansei,kwansei-economics,2025,マスコミ,,0.03,kg-gyoshu-2025
kwansei,kwansei-economics,2025,運輸業,,0.029,kg-gyoshu-2025
kwansei,kwansei-economics,2025,卸売業,,0.078,kg-gyoshu-2025
kwansei,kwansei-economics,2025,小売業,,0.03,kg-gyoshu-2025
kwansei,kwansei-economics,2025,金融業・保険業,,0.233,kg-gyoshu-2025
kwansei,kwansei-economics,2025,不動産業・リース業,,0.035,kg-gyoshu-2025
kwansei,kwansei-economics,2025,教育・公益・その他サービス業,,0.145,kg-gyoshu-2025
kwansei,kwansei-economics,2025,公務,,0.081,kg-gyoshu-2025
kwansei,kwansei-economics,2025,分類不能,,0.002,kg-gyoshu-2025
kwansei,kwansei-commerce,2025,農業/林業,,0.0,kg-gyoshu-2025
kwansei,kwansei-commerce,2025,鉱業,,0.0,kg-gyoshu-2025
kwansei,kwansei-commerce,2025,建設業,,0.032,kg-gyoshu-2025
kwansei,kwansei-commerce,2025,製造業,,0.19,kg-gyoshu-2025
kwansei,kwansei-commerce,2025,電気・ガス・熱供給・水道業,,0.01,kg-gyoshu-2025
kwansei,kwansei-commerce,2025,情報通信業,,0.205,kg-gyoshu-2025
kwansei,kwansei-commerce,2025,マスコミ,,0.022,kg-gyoshu-2025
kwansei,kwansei-commerce,2025,運輸業,,0.027,kg-gyoshu-2025
kwansei,kwansei-commerce,2025,卸売業,,0.092,kg-gyoshu-2025
kwansei,kwansei-commerce,2025,小売業,,0.031,kg-gyoshu-2025
kwansei,kwansei-commerce,2025,金融業・保険業,,0.211,kg-gyoshu-2025
kwansei,kwansei-commerce,2025,不動産業・リース業,,0.037,kg-gyoshu-2025
kwansei,kwansei-commerce,2025,教育・公益・その他サービス業,,0.11,kg-gyoshu-2025
kwansei,kwansei-commerce,2025,公務,,0.031,kg-gyoshu-2025
kwansei,kwansei-commerce,2025,分類不能,,0.002,kg-gyoshu-2025
kwansei,kwansei-scieng,2025,農業/林業,,0.0,kg-gyoshu-2025
kwansei,kwansei-scieng,2025,鉱業,,0.0,kg-gyoshu-2025
kwansei,kwansei-scieng,2025,建設業,,0.042,kg-gyoshu-2025
kwansei,kwansei-scieng,2025,製造業,,0.292,kg-gyoshu-2025
kwansei,kwansei-scieng,2025,電気・ガス・熱供給・水道業,,0.042,kg-gyoshu-2025
kwansei,kwansei-scieng,2025,情報通信業,,0.25,kg-gyoshu-2025
kwansei,kwansei-scieng,2025,マスコミ,,0.0,kg-gyoshu-2025
kwansei,kwansei-scieng,2025,運輸業,,0.0,kg-gyoshu-2025
kwansei,kwansei-scieng,2025,卸売業,,0.0,kg-gyoshu-2025
kwansei,kwansei-scieng,2025,小売業,,0.0,kg-gyoshu-2025
kwansei,kwansei-scieng,2025,金融業・保険業,,0.083,kg-gyoshu-2025
kwansei,kwansei-scieng,2025,不動産業・リース業,,0.0,kg-gyoshu-2025
kwansei,kwansei-scieng,2025,教育・公益・その他サービス業,,0.25,kg-gyoshu-2025
kwansei,kwansei-scieng,2025,公務,,0.042,kg-gyoshu-2025
kwansei,kwansei-scieng,2025,分類不能,,0.0,kg-gyoshu-2025
kwansei,kwansei-policy,2025,農業/林業,,0.0,kg-gyoshu-2025
kwansei,kwansei-policy,2025,鉱業,,0.0,kg-gyoshu-2025
kwansei,kwansei-policy,2025,建設業,,0.058,kg-gyoshu-2025
kwansei,kwansei-policy,2025,製造業,,0.121,kg-gyoshu-2025
kwansei,kwansei-policy,2025,電気・ガス・熱供給・水道業,,0.007,kg-gyoshu-2025
kwansei,kwansei-policy,2025,情報通信業,,0.185,kg-gyoshu-2025
kwansei,kwansei-policy,2025,マスコミ,,0.054,kg-gyoshu-2025
kwansei,kwansei-policy,2025,運輸業,,0.065,kg-gyoshu-2025
kwansei,kwansei-policy,2025,卸売業,,0.078,kg-gyoshu-2025
kwansei,kwansei-policy,2025,小売業,,0.056,kg-gyoshu-2025
kwansei,kwansei-policy,2025,金融業・保険業,,0.114,kg-gyoshu-2025
kwansei,kwansei-policy,2025,不動産業・リース業,,0.042,kg-gyoshu-2025
kwansei,kwansei-policy,2025,教育・公益・その他サービス業,,0.163,kg-gyoshu-2025
kwansei,kwansei-policy,2025,公務,,0.051,kg-gyoshu-2025
kwansei,kwansei-policy,2025,分類不能,,0.007,kg-gyoshu-2025
kwansei,kwansei-welfare,2025,農業/林業,,0.0,kg-gyoshu-2025
kwansei,kwansei-welfare,2025,鉱業,,0.004,kg-gyoshu-2025
kwansei,kwansei-welfare,2025,建設業,,0.042,kg-gyoshu-2025
kwansei,kwansei-welfare,2025,製造業,,0.196,kg-gyoshu-2025
kwansei,kwansei-welfare,2025,電気・ガス・熱供給・水道業,,0.014,kg-gyoshu-2025
kwansei,kwansei-welfare,2025,情報通信業,,0.112,kg-gyoshu-2025
kwansei,kwansei-welfare,2025,マスコミ,,0.018,kg-gyoshu-2025
kwansei,kwansei-welfare,2025,運輸業,,0.021,kg-gyoshu-2025
kwansei,kwansei-welfare,2025,卸売業,,0.053,kg-gyoshu-2025
kwansei,kwansei-welfare,2025,小売業,,0.053,kg-gyoshu-2025
kwansei,kwansei-welfare,2025,金融業・保険業,,0.147,kg-gyoshu-2025
kwansei,kwansei-welfare,2025,不動産業・リース業,,0.035,kg-gyoshu-2025
kwansei,kwansei-welfare,2025,教育・公益・その他サービス業,,0.214,kg-gyoshu-2025
kwansei,kwansei-welfare,2025,公務,,0.084,kg-gyoshu-2025
kwansei,kwansei-welfare,2025,分類不能,,0.007,kg-gyoshu-2025
kwansei,kwansei-intl,2025,農業/林業,,0.0,kg-gyoshu-2025
kwansei,kwansei-intl,2025,鉱業,,0.0,kg-gyoshu-2025
kwansei,kwansei-intl,2025,建設業,,0.019,kg-gyoshu-2025
kwansei,kwansei-intl,2025,製造業,,0.198,kg-gyoshu-2025
kwansei,kwansei-intl,2025,電気・ガス・熱供給・水道業,,0.008,kg-gyoshu-2025
kwansei,kwansei-intl,2025,情報通信業,,0.155,kg-gyoshu-2025
kwansei,kwansei-intl,2025,マスコミ,,0.035,kg-gyoshu-2025
kwansei,kwansei-intl,2025,運輸業,,0.12,kg-gyoshu-2025
kwansei,kwansei-intl,2025,卸売業,,0.097,kg-gyoshu-2025
kwansei,kwansei-intl,2025,小売業,,0.047,kg-gyoshu-2025
kwansei,kwansei-intl,2025,金融業・保険業,,0.078,kg-gyoshu-2025
kwansei,kwansei-intl,2025,不動産業・リース業,,0.035,kg-gyoshu-2025
kwansei,kwansei-intl,2025,教育・公益・その他サービス業,,0.174,kg-gyoshu-2025
kwansei,kwansei-intl,2025,公務,,0.027,kg-gyoshu-2025
kwansei,kwansei-intl,2025,分類不能,,0.008,kg-gyoshu-2025
kwansei,kwansei-science,2025,農業/林業,,0.0,kg-gyoshu-2025
kwansei,kwansei-science,2025,鉱業,,0.013,kg-gyoshu-2025
kwansei,kwansei-science,2025,建設業,,0.039,kg-gyoshu-2025
kwansei,kwansei-science,2025,製造業,,0.25,kg-gyoshu-2025
kwansei,kwansei-science,2025,電気・ガス・熱供給・水道業,,0.013,kg-gyoshu-2025
kwansei,kwansei-science,2025,情報通信業,,0.184,kg-gyoshu-2025
kwansei,kwansei-science,2025,マスコミ,,0.013,kg-gyoshu-2025
kwansei,kwansei-science,2025,運輸業,,0.026,kg-gyoshu-2025
kwansei,kwansei-science,2025,卸売業,,0.092,kg-gyoshu-2025
kwansei,kwansei-science,2025,小売業,,0.0,kg-gyoshu-2025
kwansei,kwansei-science,2025,金融業・保険業,,0.079,kg-gyoshu-2025
kwansei,kwansei-science,2025,不動産業・リース業,,0.0,kg-gyoshu-2025
kwansei,kwansei-science,2025,教育・公益・その他サービス業,,0.25,kg-gyoshu-2025
kwansei,kwansei-science,2025,公務,,0.039,kg-gyoshu-2025
kwansei,kwansei-science,2025,分類不能,,0.0,kg-gyoshu-2025
kwansei,kwansei-engineering,2025,農業/林業,,0.0,kg-gyoshu-2025
kwansei,kwansei-engineering,2025,鉱業,,0.0,kg-gyoshu-2025
kwansei,kwansei-engineering,2025,建設業,,0.044,kg-gyoshu-2025
kwansei,kwansei-engineering,2025,製造業,,0.298,kg-gyoshu-2025
kwansei,kwansei-engineering,2025,電気・ガス・熱供給・水道業,,0.053,kg-gyoshu-2025
kwansei,kwansei-engineering,2025,情報通信業,,0.386,kg-gyoshu-2025
kwansei,kwansei-engineering,2025,マスコミ,,0.009,kg-gyoshu-2025
kwansei,kwansei-engineering,2025,運輸業,,0.009,kg-gyoshu-2025
kwansei,kwansei-engineering,2025,卸売業,,0.018,kg-gyoshu-2025
kwansei,kwansei-engineering,2025,小売業,,0.009,kg-gyoshu-2025
kwansei,kwansei-engineering,2025,金融業・保険業,,0.044,kg-gyoshu-2025
kwansei,kwansei-engineering,2025,不動産業・リース業,,0.0,kg-gyoshu-2025
kwansei,kwansei-engineering,2025,教育・公益・その他サービス業,,0.088,kg-gyoshu-2025
kwansei,kwansei-engineering,2025,公務,,0.035,kg-gyoshu-2025
kwansei,kwansei-engineering,2025,分類不能,,0.009,kg-gyoshu-2025
kwansei,kwansei-lifeenv,2025,農業/林業,,0.0,kg-gyoshu-2025
kwansei,kwansei-lifeenv,2025,鉱業,,0.011,kg-gyoshu-2025
kwansei,kwansei-lifeenv,2025,建設業,,0.023,kg-gyoshu-2025
kwansei,kwansei-lifeenv,2025,製造業,,0.333,kg-gyoshu-2025
kwansei,kwansei-lifeenv,2025,電気・ガス・熱供給・水道業,,0.034,kg-gyoshu-2025
kwansei,kwansei-lifeenv,2025,情報通信業,,0.149,kg-gyoshu-2025
kwansei,kwansei-lifeenv,2025,マスコミ,,0.0,kg-gyoshu-2025
kwansei,kwansei-lifeenv,2025,運輸業,,0.023,kg-gyoshu-2025
kwansei,kwansei-lifeenv,2025,卸売業,,0.08,kg-gyoshu-2025
kwansei,kwansei-lifeenv,2025,小売業,,0.034,kg-gyoshu-2025
kwansei,kwansei-lifeenv,2025,金融業・保険業,,0.046,kg-gyoshu-2025
kwansei,kwansei-lifeenv,2025,不動産業・リース業,,0.011,kg-gyoshu-2025
kwansei,kwansei-lifeenv,2025,教育・公益・その他サービス業,,0.149,kg-gyoshu-2025
kwansei,kwansei-lifeenv,2025,公務,,0.103,kg-gyoshu-2025
kwansei,kwansei-lifeenv,2025,分類不能,,0.0,kg-gyoshu-2025
kwansei,kwansei-architecture,2025,農業/林業,,0.0,kg-gyoshu-2025
kwansei,kwansei-architecture,2025,鉱業,,0.0,kg-gyoshu-2025
kwansei,kwansei-architecture,2025,建設業,,0.59,kg-gyoshu-2025
kwansei,kwansei-architecture,2025,製造業,,0.098,kg-gyoshu-2025
kwansei,kwansei-architecture,2025,電気・ガス・熱供給・水道業,,0.0,kg-gyoshu-2025
kwansei,kwansei-architecture,2025,情報通信業,,0.016,kg-gyoshu-2025
kwansei,kwansei-architecture,2025,マスコミ,,0.016,kg-gyoshu-2025
kwansei,kwansei-architecture,2025,運輸業,,0.016,kg-gyoshu-2025
kwansei,kwansei-architecture,2025,卸売業,,0.033,kg-gyoshu-2025
kwansei,kwansei-architecture,2025,小売業,,0.0,kg-gyoshu-2025
kwansei,kwansei-architecture,2025,金融業・保険業,,0.0,kg-gyoshu-2025
kwansei,kwansei-architecture,2025,不動産業・リース業,,0.049,kg-gyoshu-2025
kwansei,kwansei-architecture,2025,教育・公益・その他サービス業,,0.131,kg-gyoshu-2025
kwansei,kwansei-architecture,2025,公務,,0.049,kg-gyoshu-2025
kwansei,kwansei-architecture,2025,分類不能,,0.0,kg-gyoshu-2025
kwansei,kwansei-education,2025,企業,,0.403,kg-gyoshu-2025
kwansei,kwansei-education,2025,小学校,,0.239,kg-gyoshu-2025
kwansei,kwansei-education,2025,中学校・高等学校,,0.067,kg-gyoshu-2025
kwansei,kwansei-education,2025,特別支援学校,,0.018,kg-gyoshu-2025
kwansei,kwansei-education,2025,その他の教育機関,,0.0,kg-gyoshu-2025
kwansei,kwansei-education,2025,幼稚園,,0.021,kg-gyoshu-2025
kwansei,kwansei-education,2025,保育所,,0.067,kg-gyoshu-2025
kwansei,kwansei-education,2025,こども園,,0.112,kg-gyoshu-2025
kwansei,kwansei-education,2025,施設,,0.039,kg-gyoshu-2025
kwansei,kwansei-education,2025,公務員,,0.033,kg-gyoshu-2025
kwansei,kwansei-theology,2024,農業/林業,,0.0,kg-gyoshu-2024
kwansei,kwansei-theology,2024,鉱業,,0.0,kg-gyoshu-2024
kwansei,kwansei-theology,2024,建設業,,0.105,kg-gyoshu-2024
kwansei,kwansei-theology,2024,製造業,,0.263,kg-gyoshu-2024
kwansei,kwansei-theology,2024,電気・ガス・熱供給・水道業,,0.0,kg-gyoshu-2024
kwansei,kwansei-theology,2024,情報通信業,,0.0,kg-gyoshu-2024
kwansei,kwansei-theology,2024,マスコミ,,0.0,kg-gyoshu-2024
kwansei,kwansei-theology,2024,運輸業,,0.0,kg-gyoshu-2024
kwansei,kwansei-theology,2024,卸売業,,0.053,kg-gyoshu-2024
kwansei,kwansei-theology,2024,小売業,,0.053,kg-gyoshu-2024
kwansei,kwansei-theology,2024,金融業・保険業,,0.105,kg-gyoshu-2024
kwansei,kwansei-theology,2024,不動産業・リース業,,0.0,kg-gyoshu-2024
kwansei,kwansei-theology,2024,教育・公益・その他サービス業,,0.421,kg-gyoshu-2024
kwansei,kwansei-theology,2024,公務,,0.0,kg-gyoshu-2024
kwansei,kwansei-theology,2024,分類不能,,0.0,kg-gyoshu-2024
kwansei,kwansei-letters,2024,農業/林業,,0.0,kg-gyoshu-2024
kwansei,kwansei-letters,2024,鉱業,,0.0,kg-gyoshu-2024
kwansei,kwansei-letters,2024,建設業,,0.039,kg-gyoshu-2024
kwansei,kwansei-letters,2024,製造業,,0.161,kg-gyoshu-2024
kwansei,kwansei-letters,2024,電気・ガス・熱供給・水道業,,0.009,kg-gyoshu-2024
kwansei,kwansei-letters,2024,情報通信業,,0.099,kg-gyoshu-2024
kwansei,kwansei-letters,2024,マスコミ,,0.047,kg-gyoshu-2024
kwansei,kwansei-letters,2024,運輸業,,0.047,kg-gyoshu-2024
kwansei,kwansei-letters,2024,卸売業,,0.066,kg-gyoshu-2024
kwansei,kwansei-letters,2024,小売業,,0.074,kg-gyoshu-2024
kwansei,kwansei-letters,2024,金融業・保険業,,0.111,kg-gyoshu-2024
kwansei,kwansei-letters,2024,不動産業・リース業,,0.023,kg-gyoshu-2024
kwansei,kwansei-letters,2024,教育・公益・その他サービス業,,0.255,kg-gyoshu-2024
kwansei,kwansei-letters,2024,公務,,0.063,kg-gyoshu-2024
kwansei,kwansei-letters,2024,分類不能,,0.006,kg-gyoshu-2024
kwansei,kwansei-sociology,2024,農業/林業,,0.0,kg-gyoshu-2024
kwansei,kwansei-sociology,2024,鉱業,,0.002,kg-gyoshu-2024
kwansei,kwansei-sociology,2024,建設業,,0.038,kg-gyoshu-2024
kwansei,kwansei-sociology,2024,製造業,,0.164,kg-gyoshu-2024
kwansei,kwansei-sociology,2024,電気・ガス・熱供給・水道業,,0.009,kg-gyoshu-2024
kwansei,kwansei-sociology,2024,情報通信業,,0.138,kg-gyoshu-2024
kwansei,kwansei-sociology,2024,マスコミ,,0.062,kg-gyoshu-2024
kwansei,kwansei-sociology,2024,運輸業,,0.036,kg-gyoshu-2024
kwansei,kwansei-sociology,2024,卸売業,,0.093,kg-gyoshu-2024
kwansei,kwansei-sociology,2024,小売業,,0.059,kg-gyoshu-2024
kwansei,kwansei-sociology,2024,金融業・保険業,,0.13,kg-gyoshu-2024
kwansei,kwansei-sociology,2024,不動産業・リース業,,0.061,kg-gyoshu-2024
kwansei,kwansei-sociology,2024,教育・公益・その他サービス業,,0.151,kg-gyoshu-2024
kwansei,kwansei-sociology,2024,公務,,0.055,kg-gyoshu-2024
kwansei,kwansei-sociology,2024,分類不能,,0.002,kg-gyoshu-2024
kwansei,kwansei-law,2024,農業/林業,,0.0,kg-gyoshu-2024
kwansei,kwansei-law,2024,鉱業,,0.0,kg-gyoshu-2024
kwansei,kwansei-law,2024,建設業,,0.032,kg-gyoshu-2024
kwansei,kwansei-law,2024,製造業,,0.166,kg-gyoshu-2024
kwansei,kwansei-law,2024,電気・ガス・熱供給・水道業,,0.0,kg-gyoshu-2024
kwansei,kwansei-law,2024,情報通信業,,0.105,kg-gyoshu-2024
kwansei,kwansei-law,2024,マスコミ,,0.02,kg-gyoshu-2024
kwansei,kwansei-law,2024,運輸業,,0.056,kg-gyoshu-2024
kwansei,kwansei-law,2024,卸売業,,0.052,kg-gyoshu-2024
kwansei,kwansei-law,2024,小売業,,0.045,kg-gyoshu-2024
kwansei,kwansei-law,2024,金融業・保険業,,0.187,kg-gyoshu-2024
kwansei,kwansei-law,2024,不動産業・リース業,,0.04,kg-gyoshu-2024
kwansei,kwansei-law,2024,教育・公益・その他サービス業,,0.126,kg-gyoshu-2024
kwansei,kwansei-law,2024,公務,,0.166,kg-gyoshu-2024
kwansei,kwansei-law,2024,分類不能,,0.005,kg-gyoshu-2024
kwansei,kwansei-economics,2024,農業/林業,,0.002,kg-gyoshu-2024
kwansei,kwansei-economics,2024,鉱業,,0.003,kg-gyoshu-2024
kwansei,kwansei-economics,2024,建設業,,0.041,kg-gyoshu-2024
kwansei,kwansei-economics,2024,製造業,,0.201,kg-gyoshu-2024
kwansei,kwansei-economics,2024,電気・ガス・熱供給・水道業,,0.01,kg-gyoshu-2024
kwansei,kwansei-economics,2024,情報通信業,,0.171,kg-gyoshu-2024
kwansei,kwansei-economics,2024,マスコミ,,0.014,kg-gyoshu-2024
kwansei,kwansei-economics,2024,運輸業,,0.029,kg-gyoshu-2024
kwansei,kwansei-economics,2024,卸売業,,0.077,kg-gyoshu-2024
kwansei,kwansei-economics,2024,小売業,,0.031,kg-gyoshu-2024
kwansei,kwansei-economics,2024,金融業・保険業,,0.224,kg-gyoshu-2024
kwansei,kwansei-economics,2024,不動産業・リース業,,0.041,kg-gyoshu-2024
kwansei,kwansei-economics,2024,教育・公益・その他サービス業,,0.111,kg-gyoshu-2024
kwansei,kwansei-economics,2024,公務,,0.044,kg-gyoshu-2024
kwansei,kwansei-economics,2024,分類不能,,0.002,kg-gyoshu-2024
kwansei,kwansei-commerce,2024,農業/林業,,0.004,kg-gyoshu-2024
kwansei,kwansei-commerce,2024,鉱業,,0.004,kg-gyoshu-2024
kwansei,kwansei-commerce,2024,建設業,,0.037,kg-gyoshu-2024
kwansei,kwansei-commerce,2024,製造業,,0.194,kg-gyoshu-2024
kwansei,kwansei-commerce,2024,電気・ガス・熱供給・水道業,,0.002,kg-gyoshu-2024
kwansei,kwansei-commerce,2024,情報通信業,,0.136,kg-gyoshu-2024
kwansei,kwansei-commerce,2024,マスコミ,,0.014,kg-gyoshu-2024
kwansei,kwansei-commerce,2024,運輸業,,0.018,kg-gyoshu-2024
kwansei,kwansei-commerce,2024,卸売業,,0.079,kg-gyoshu-2024
kwansei,kwansei-commerce,2024,小売業,,0.032,kg-gyoshu-2024
kwansei,kwansei-commerce,2024,金融業・保険業,,0.222,kg-gyoshu-2024
kwansei,kwansei-commerce,2024,不動産業・リース業,,0.039,kg-gyoshu-2024
kwansei,kwansei-commerce,2024,教育・公益・その他サービス業,,0.18,kg-gyoshu-2024
kwansei,kwansei-commerce,2024,公務,,0.033,kg-gyoshu-2024
kwansei,kwansei-commerce,2024,分類不能,,0.009,kg-gyoshu-2024
kwansei,kwansei-scieng,2024,農業/林業,,0.0,kg-gyoshu-2024
kwansei,kwansei-scieng,2024,鉱業,,0.0,kg-gyoshu-2024
kwansei,kwansei-scieng,2024,建設業,,0.022,kg-gyoshu-2024
kwansei,kwansei-scieng,2024,製造業,,0.422,kg-gyoshu-2024
kwansei,kwansei-scieng,2024,電気・ガス・熱供給・水道業,,0.0,kg-gyoshu-2024
kwansei,kwansei-scieng,2024,情報通信業,,0.178,kg-gyoshu-2024
kwansei,kwansei-scieng,2024,マスコミ,,0.0,kg-gyoshu-2024
kwansei,kwansei-scieng,2024,運輸業,,0.022,kg-gyoshu-2024
kwansei,kwansei-scieng,2024,卸売業,,0.067,kg-gyoshu-2024
kwansei,kwansei-scieng,2024,小売業,,0.0,kg-gyoshu-2024
kwansei,kwansei-scieng,2024,金融業・保険業,,0.022,kg-gyoshu-2024
kwansei,kwansei-scieng,2024,不動産業・リース業,,0.022,kg-gyoshu-2024
kwansei,kwansei-scieng,2024,教育・公益・その他サービス業,,0.178,kg-gyoshu-2024
kwansei,kwansei-scieng,2024,公務,,0.044,kg-gyoshu-2024
kwansei,kwansei-scieng,2024,分類不能,,0.022,kg-gyoshu-2024
kwansei,kwansei-policy,2024,農業/林業,,0.0,kg-gyoshu-2024
kwansei,kwansei-policy,2024,鉱業,,0.002,kg-gyoshu-2024
kwansei,kwansei-policy,2024,建設業,,0.071,kg-gyoshu-2024
kwansei,kwansei-policy,2024,製造業,,0.163,kg-gyoshu-2024
kwansei,kwansei-policy,2024,電気・ガス・熱供給・水道業,,0.007,kg-gyoshu-2024
kwansei,kwansei-policy,2024,情報通信業,,0.165,kg-gyoshu-2024
kwansei,kwansei-policy,2024,マスコミ,,0.047,kg-gyoshu-2024
kwansei,kwansei-policy,2024,運輸業,,0.057,kg-gyoshu-2024
kwansei,kwansei-policy,2024,卸売業,,0.068,kg-gyoshu-2024
kwansei,kwansei-policy,2024,小売業,,0.047,kg-gyoshu-2024
kwansei,kwansei-policy,2024,金融業・保険業,,0.092,kg-gyoshu-2024
kwansei,kwansei-policy,2024,不動産業・リース業,,0.05,kg-gyoshu-2024
kwansei,kwansei-policy,2024,教育・公益・その他サービス業,,0.175,kg-gyoshu-2024
kwansei,kwansei-policy,2024,公務,,0.054,kg-gyoshu-2024
kwansei,kwansei-policy,2024,分類不能,,0.002,kg-gyoshu-2024
kwansei,kwansei-welfare,2024,農業/林業,,0.0,kg-gyoshu-2024
kwansei,kwansei-welfare,2024,鉱業,,0.0,kg-gyoshu-2024
kwansei,kwansei-welfare,2024,建設業,,0.049,kg-gyoshu-2024
kwansei,kwansei-welfare,2024,製造業,,0.147,kg-gyoshu-2024
kwansei,kwansei-welfare,2024,電気・ガス・熱供給・水道業,,0.008,kg-gyoshu-2024
kwansei,kwansei-welfare,2024,情報通信業,,0.06,kg-gyoshu-2024
kwansei,kwansei-welfare,2024,マスコミ,,0.038,kg-gyoshu-2024
kwansei,kwansei-welfare,2024,運輸業,,0.042,kg-gyoshu-2024
kwansei,kwansei-welfare,2024,卸売業,,0.091,kg-gyoshu-2024
kwansei,kwansei-welfare,2024,小売業,,0.053,kg-gyoshu-2024
kwansei,kwansei-welfare,2024,金融業・保険業,,0.094,kg-gyoshu-2024
kwansei,kwansei-welfare,2024,不動産業・リース業,,0.042,kg-gyoshu-2024
kwansei,kwansei-welfare,2024,教育・公益・その他サービス業,,0.302,kg-gyoshu-2024
kwansei,kwansei-welfare,2024,公務,,0.068,kg-gyoshu-2024
kwansei,kwansei-welfare,2024,分類不能,,0.008,kg-gyoshu-2024
kwansei,kwansei-intl,2024,農業/林業,,0.0,kg-gyoshu-2024
kwansei,kwansei-intl,2024,鉱業,,0.004,kg-gyoshu-2024
kwansei,kwansei-intl,2024,建設業,,0.029,kg-gyoshu-2024
kwansei,kwansei-intl,2024,製造業,,0.243,kg-gyoshu-2024
kwansei,kwansei-intl,2024,電気・ガス・熱供給・水道業,,0.004,kg-gyoshu-2024
kwansei,kwansei-intl,2024,情報通信業,,0.11,kg-gyoshu-2024
kwansei,kwansei-intl,2024,マスコミ,,0.022,kg-gyoshu-2024
kwansei,kwansei-intl,2024,運輸業,,0.114,kg-gyoshu-2024
kwansei,kwansei-intl,2024,卸売業,,0.096,kg-gyoshu-2024
kwansei,kwansei-intl,2024,小売業,,0.029,kg-gyoshu-2024
kwansei,kwansei-intl,2024,金融業・保険業,,0.11,kg-gyoshu-2024
kwansei,kwansei-intl,2024,不動産業・リース業,,0.022,kg-gyoshu-2024
kwansei,kwansei-intl,2024,教育・公益・その他サービス業,,0.191,kg-gyoshu-2024
kwansei,kwansei-intl,2024,公務,,0.026,kg-gyoshu-2024
kwansei,kwansei-intl,2024,分類不能,,0.0,kg-gyoshu-2024
kwansei,kwansei-science,2024,農業/林業,,0.0,kg-gyoshu-2024
kwansei,kwansei-science,2024,鉱業,,0.0,kg-gyoshu-2024
kwansei,kwansei-science,2024,建設業,,0.017,kg-gyoshu-2024
kwansei,kwansei-science,2024,製造業,,0.237,kg-gyoshu-2024
kwansei,kwansei-science,2024,電気・ガス・熱供給・水道業,,0.0,kg-gyoshu-2024
kwansei,kwansei-science,2024,情報通信業,,0.322,kg-gyoshu-2024
kwansei,kwansei-science,2024,マスコミ,,0.0,kg-gyoshu-2024
kwansei,kwansei-science,2024,運輸業,,0.0,kg-gyoshu-2024
kwansei,kwansei-science,2024,卸売業,,0.0,kg-gyoshu-2024
kwansei,kwansei-science,2024,小売業,,0.0,kg-gyoshu-2024
kwansei,kwansei-science,2024,金融業・保険業,,0.068,kg-gyoshu-2024
kwansei,kwansei-science,2024,不動産業・リース業,,0.051,kg-gyoshu-2024
kwansei,kwansei-science,2024,教育・公益・その他サービス業,,0.271,kg-gyoshu-2024
kwansei,kwansei-science,2024,公務,,0.034,kg-gyoshu-2024
kwansei,kwansei-science,2024,分類不能,,0.0,kg-gyoshu-2024
kwansei,kwansei-engineering,2024,農業/林業,,0.0,kg-gyoshu-2024
kwansei,kwansei-engineering,2024,鉱業,,0.0,kg-gyoshu-2024
kwansei,kwansei-engineering,2024,建設業,,0.049,kg-gyoshu-2024
kwansei,kwansei-engineering,2024,製造業,,0.407,kg-gyoshu-2024
kwansei,kwansei-engineering,2024,電気・ガス・熱供給・水道業,,0.012,kg-gyoshu-2024
kwansei,kwansei-engineering,2024,情報通信業,,0.284,kg-gyoshu-2024
kwansei,kwansei-engineering,2024,マスコミ,,0.025,kg-gyoshu-2024
kwansei,kwansei-engineering,2024,運輸業,,0.0,kg-gyoshu-2024
kwansei,kwansei-engineering,2024,卸売業,,0.037,kg-gyoshu-2024
kwansei,kwansei-engineering,2024,小売業,,0.0,kg-gyoshu-2024
kwansei,kwansei-engineering,2024,金融業・保険業,,0.049,kg-gyoshu-2024
kwansei,kwansei-engineering,2024,不動産業・リース業,,0.0,kg-gyoshu-2024
kwansei,kwansei-engineering,2024,教育・公益・その他サービス業,,0.111,kg-gyoshu-2024
kwansei,kwansei-engineering,2024,公務,,0.025,kg-gyoshu-2024
kwansei,kwansei-engineering,2024,分類不能,,0.0,kg-gyoshu-2024
kwansei,kwansei-lifeenv,2024,農業/林業,,0.0,kg-gyoshu-2024
kwansei,kwansei-lifeenv,2024,鉱業,,0.0,kg-gyoshu-2024
kwansei,kwansei-lifeenv,2024,建設業,,0.04,kg-gyoshu-2024
kwansei,kwansei-lifeenv,2024,製造業,,0.293,kg-gyoshu-2024
kwansei,kwansei-lifeenv,2024,電気・ガス・熱供給・水道業,,0.013,kg-gyoshu-2024
kwansei,kwansei-lifeenv,2024,情報通信業,,0.213,kg-gyoshu-2024
kwansei,kwansei-lifeenv,2024,マスコミ,,0.0,kg-gyoshu-2024
kwansei,kwansei-lifeenv,2024,運輸業,,0.04,kg-gyoshu-2024
kwansei,kwansei-lifeenv,2024,卸売業,,0.067,kg-gyoshu-2024
kwansei,kwansei-lifeenv,2024,小売業,,0.027,kg-gyoshu-2024
kwansei,kwansei-lifeenv,2024,金融業・保険業,,0.04,kg-gyoshu-2024
kwansei,kwansei-lifeenv,2024,不動産業・リース業,,0.04,kg-gyoshu-2024
kwansei,kwansei-lifeenv,2024,教育・公益・その他サービス業,,0.173,kg-gyoshu-2024
kwansei,kwansei-lifeenv,2024,公務,,0.053,kg-gyoshu-2024
kwansei,kwansei-lifeenv,2024,分類不能,,0.0,kg-gyoshu-2024
kwansei,kwansei-architecture,2024,農業/林業,,0.0,kg-gyoshu-2024
kwansei,kwansei-architecture,2024,鉱業,,0.0,kg-gyoshu-2024
kwansei,kwansei-architecture,2024,建設業,,0.543,kg-gyoshu-2024
kwansei,kwansei-architecture,2024,製造業,,0.065,kg-gyoshu-2024
kwansei,kwansei-architecture,2024,電気・ガス・熱供給・水道業,,0.0,kg-gyoshu-2024
kwansei,kwansei-architecture,2024,情報通信業,,0.065,kg-gyoshu-2024
kwansei,kwansei-architecture,2024,マスコミ,,0.0,kg-gyoshu-2024
kwansei,kwansei-architecture,2024,運輸業,,0.022,kg-gyoshu-2024
kwansei,kwansei-architecture,2024,卸売業,,0.0,kg-gyoshu-2024
kwansei,kwansei-architecture,2024,小売業,,0.022,kg-gyoshu-2024
kwansei,kwansei-architecture,2024,金融業・保険業,,0.022,kg-gyoshu-2024
kwansei,kwansei-architecture,2024,不動産業・リース業,,0.152,kg-gyoshu-2024
kwansei,kwansei-architecture,2024,教育・公益・その他サービス業,,0.109,kg-gyoshu-2024
kwansei,kwansei-architecture,2024,公務,,0.0,kg-gyoshu-2024
kwansei,kwansei-architecture,2024,分類不能,,0.0,kg-gyoshu-2024
kwansei,kwansei-education,2024,企業,,0.389,kg-gyoshu-2024
kwansei,kwansei-education,2024,小学校,,0.254,kg-gyoshu-2024
kwansei,kwansei-education,2024,中学校・高等学校,,0.057,kg-gyoshu-2024
kwansei,kwansei-education,2024,特別支援学校,,0.03,kg-gyoshu-2024
kwansei,kwansei-education,2024,その他の教育機関,,0.0,kg-gyoshu-2024
kwansei,kwansei-education,2024,幼稚園,,0.036,kg-gyoshu-2024
kwansei,kwansei-education,2024,保育所,,0.084,kg-gyoshu-2024
kwansei,kwansei-education,2024,こども園,,0.099,kg-gyoshu-2024
kwansei,kwansei-education,2024,施設,,0.024,kg-gyoshu-2024
kwansei,kwansei-education,2024,公務員,,0.027,kg-gyoshu-2024
