university_id,faculty_id,year,company_name_raw,count,listed,source_id,industry_raw
aoyama,aoyama-letters,2025,全日本空輸（株）,14,1,ag-kigyo-2025,
aoyama,aoyama-letters,2025,日本航空（株）,13,1,ag-kigyo-2025,
aoyama,aoyama-letters,2025,楽天グループ（株）,9,1,ag-kigyo-2025,
aoyama,aoyama-letters,2025,みずほフィナンシャルグループ,6,1,ag-kigyo-2025,
aoyama,aoyama-letters,2025,東京都,6,1,ag-kigyo-2025,
aoyama,aoyama-letters,2025,みずほ証券（株）,5,1,ag-kigyo-2025,
aoyama,aoyama-letters,2025,（株）エイチ・アイ・エス,4,1,ag-kigyo-2025,
aoyama,aoyama-letters,2025,日本生命保険相互会社,4,1,ag-kigyo-2025,
aoyama,aoyama-letters,2025,（株）マイナビ,4,1,ag-kigyo-2025,
aoyama,aoyama-letters,2025,ＮＴＴデータグループ,3,1,ag-kigyo-2025,
aoyama,aoyama-letters,2025,（株）ケアリッツ・テクノロジーズ,3,1,ag-kigyo-2025,
aoyama,aoyama-letters,2025,日通ＮＥＣロジスティクス（株）,3,1,ag-kigyo-2025,
aoyama,aoyama-letters,2025,（株）ファーストリテイリング,3,1,ag-kigyo-2025,
aoyama,aoyama-letters,2025,（株）横浜銀行,3,1,ag-kigyo-2025,
aoyama,aoyama-letters,2025,りそなグループ,3,1,ag-kigyo-2025,
aoyama,aoyama-letters,2025,東京都（公立小・中・高校等）,3,1,ag-kigyo-2025,
aoyama,aoyama-letters,2025,防衛省,3,1,ag-kigyo-2025,
aoyama,aoyama-letters,2025,神奈川県,3,1,ag-kigyo-2025,
aoyama,aoyama-letters,2025,双日（株）,2,1,ag-kigyo-2025,
aoyama,aoyama-letters,2025,東京エレクトロン（株）,2,1,ag-kigyo-2025,
aoyama,aoyama-education,2025,東京都（公立小・中・高校等）,16,1,ag-kigyo-2025,
aoyama,aoyama-education,2025,神奈川県（公立小・中・高校等）,11,1,ag-kigyo-2025,
aoyama,aoyama-education,2025,埼玉県（公立小・中・高校等）,4,1,ag-kigyo-2025,
aoyama,aoyama-education,2025,楽天グループ（株）,3,1,ag-kigyo-2025,
aoyama,aoyama-education,2025,りそなグループ,3,1,ag-kigyo-2025,
aoyama,aoyama-education,2025,伊藤忠テクノソリューションズ（株）,2,1,ag-kigyo-2025,
aoyama,aoyama-education,2025,ＳＭＢＣ日興証券（株）,2,1,ag-kigyo-2025,
aoyama,aoyama-education,2025,全日本空輸（株）,2,1,ag-kigyo-2025,
aoyama,aoyama-education,2025,（株）ゾフ,2,1,ag-kigyo-2025,
aoyama,aoyama-education,2025,（株）千葉銀行,2,1,ag-kigyo-2025,
aoyama,aoyama-education,2025,日本生命保険相互会社,2,1,ag-kigyo-2025,
aoyama,aoyama-education,2025,（株）日本総合研究所,2,1,ag-kigyo-2025,
aoyama,aoyama-education,2025,富国生命保険相互会社,2,1,ag-kigyo-2025,
aoyama,aoyama-education,2025,（株）マイナビ,2,1,ag-kigyo-2025,
aoyama,aoyama-education,2025,（株）ＬＩＴＡＬＩＣＯ,2,1,ag-kigyo-2025,
aoyama,aoyama-education,2025,千葉県（公立小・中・高校等）,2,1,ag-kigyo-2025,
aoyama,aoyama-education,2025,横浜市,2,1,ag-kigyo-2025,
aoyama,aoyama-education,2025,ＮＴＴ東日本（株）,1,1,ag-kigyo-2025,
aoyama,aoyama-education,2025,サントリーホールディングス（株）,1,1,ag-kigyo-2025,
aoyama,aoyama-education,2025,（株）フジテレビジョン,1,1,ag-kigyo-2025,
aoyama,aoyama-economics,2025,楽天グループ（株）,8,1,ag-kigyo-2025,
aoyama,aoyama-economics,2025,レバレジーズ（株）,8,1,ag-kigyo-2025,
aoyama,aoyama-economics,2025,（株）かんぽ生命保険,5,1,ag-kigyo-2025,
aoyama,aoyama-economics,2025,明治安田生命保険相互会社,5,1,ag-kigyo-2025,
aoyama,aoyama-economics,2025,あいおいニッセイ同和損害保険（株）,4,1,ag-kigyo-2025,
aoyama,aoyama-economics,2025,（株）千葉銀行,4,1,ag-kigyo-2025,
aoyama,aoyama-economics,2025,日本生命保険相互会社,4,1,ag-kigyo-2025,
aoyama,aoyama-economics,2025,（株）ベイカレント,4,1,ag-kigyo-2025,
aoyama,aoyama-economics,2025,（株）マイナビ,4,1,ag-kigyo-2025,
aoyama,aoyama-economics,2025,みずほ証券（株）,4,1,ag-kigyo-2025,
aoyama,aoyama-economics,2025,（株）三井住友銀行,4,1,ag-kigyo-2025,
aoyama,aoyama-economics,2025,（株）あおぞら銀行,3,1,ag-kigyo-2025,
aoyama,aoyama-economics,2025,（株）アルテニカ,3,1,ag-kigyo-2025,
aoyama,aoyama-economics,2025,伊藤忠テクノソリューションズ（株）,3,1,ag-kigyo-2025,
aoyama,aoyama-economics,2025,ＳＢＩ新生銀行グループ,3,1,ag-kigyo-2025,
aoyama,aoyama-economics,2025,（株）ＮＴＴドコモ,3,1,ag-kigyo-2025,
aoyama,aoyama-economics,2025,（株）オリエントコーポレーション,3,1,ag-kigyo-2025,
aoyama,aoyama-economics,2025,（株）キーエンス,3,1,ag-kigyo-2025,
aoyama,aoyama-economics,2025,損害保険ジャパン（株）,3,1,ag-kigyo-2025,
aoyama,aoyama-economics,2025,ＴＩＳ（株）,3,1,ag-kigyo-2025,
aoyama,aoyama-law,2025,りそなグループ,6,1,ag-kigyo-2025,
aoyama,aoyama-law,2025,アクセンチュア（株）,5,1,ag-kigyo-2025,
aoyama,aoyama-law,2025,ＳＭＢＣ日興証券（株）,5,1,ag-kigyo-2025,
aoyama,aoyama-law,2025,東京都,5,1,ag-kigyo-2025,
aoyama,aoyama-law,2025,（株）ＮＴＴドコモ,4,1,ag-kigyo-2025,
aoyama,aoyama-law,2025,大和証券グループ,4,1,ag-kigyo-2025,
aoyama,aoyama-law,2025,みずほフィナンシャルグループ,4,1,ag-kigyo-2025,
aoyama,aoyama-law,2025,（株）三井住友銀行,4,1,ag-kigyo-2025,
aoyama,aoyama-law,2025,厚生労働省,4,1,ag-kigyo-2025,
aoyama,aoyama-law,2025,アンダーソン・毛利・友常法律事務所,3,1,ag-kigyo-2025,
aoyama,aoyama-law,2025,ＮＴＴ東日本（株）,3,1,ag-kigyo-2025,
aoyama,aoyama-law,2025,（株）日本カストディ銀行,3,1,ag-kigyo-2025,
aoyama,aoyama-law,2025,日本生命保険相互会社,3,1,ag-kigyo-2025,
aoyama,aoyama-law,2025,ＮＴＴデータグループ,2,1,ag-kigyo-2025,
aoyama,aoyama-law,2025,（株）ジェーシービー,2,1,ag-kigyo-2025,
aoyama,aoyama-law,2025,全日本空輸（株）,2,1,ag-kigyo-2025,
aoyama,aoyama-law,2025,東京海上日動火災保険（株）,2,1,ag-kigyo-2025,
aoyama,aoyama-law,2025,日本電気（株）,2,1,ag-kigyo-2025,
aoyama,aoyama-law,2025,（株）三菱ＵＦＪ銀行,2,1,ag-kigyo-2025,
aoyama,aoyama-law,2025,目黒区,2,1,ag-kigyo-2025,
aoyama,aoyama-business,2025,レバレジーズ（株）,8,1,ag-kigyo-2025,
aoyama,aoyama-business,2025,アクセンチュア（株）,7,1,ag-kigyo-2025,
aoyama,aoyama-business,2025,キヤノンマーケティングジャパン（株）,6,1,ag-kigyo-2025,
aoyama,aoyama-business,2025,（株）電通デジタル,5,1,ag-kigyo-2025,
aoyama,aoyama-business,2025,みずほ証券（株）,5,1,ag-kigyo-2025,
aoyama,aoyama-business,2025,三井住友ファイナンス＆リース（株）,5,1,ag-kigyo-2025,
aoyama,aoyama-business,2025,りそなグループ,5,1,ag-kigyo-2025,
aoyama,aoyama-business,2025,（株）ＳＨＩＦＴ,4,1,ag-kigyo-2025,
aoyama,aoyama-business,2025,日本アイ・ビー・エム（株）,4,1,ag-kigyo-2025,
aoyama,aoyama-business,2025,（株）ベイカレント,4,1,ag-kigyo-2025,
aoyama,aoyama-business,2025,（株）三井住友銀行,4,1,ag-kigyo-2025,
aoyama,aoyama-business,2025,（株）オービック,3,1,ag-kigyo-2025,
aoyama,aoyama-business,2025,大和証券グループ,3,1,ag-kigyo-2025,
aoyama,aoyama-business,2025,ＴＩＳ（株）,3,1,ag-kigyo-2025,
aoyama,aoyama-business,2025,日本生命保険相互会社,3,1,ag-kigyo-2025,
aoyama,aoyama-business,2025,（株）日本総合研究所,3,1,ag-kigyo-2025,
aoyama,aoyama-business,2025,野村不動産ソリューションズ（株）,3,1,ag-kigyo-2025,
aoyama,aoyama-business,2025,みずほフィナンシャルグループ,3,1,ag-kigyo-2025,
aoyama,aoyama-business,2025,三井不動産リアルティ（株）,3,1,ag-kigyo-2025,
aoyama,aoyama-business,2025,楽天グループ（株）,3,1,ag-kigyo-2025,
aoyama,aoyama-sipeb,2025,全日本空輸（株）,8,1,ag-kigyo-2025,
aoyama,aoyama-sipeb,2025,日本航空（株）,8,1,ag-kigyo-2025,
aoyama,aoyama-sipeb,2025,アクセンチュア（株）,6,1,ag-kigyo-2025,
aoyama,aoyama-sipeb,2025,日本電気（株）,5,1,ag-kigyo-2025,
aoyama,aoyama-sipeb,2025,みずほフィナンシャルグループ,4,1,ag-kigyo-2025,
aoyama,aoyama-sipeb,2025,（株）ジェーシービー,3,1,ag-kigyo-2025,
aoyama,aoyama-sipeb,2025,防衛省,3,1,ag-kigyo-2025,
aoyama,aoyama-sipeb,2025,（株）ＩＨＩ,2,1,ag-kigyo-2025,
aoyama,aoyama-sipeb,2025,伊藤忠テクノソリューションズ（株）,2,1,ag-kigyo-2025,
aoyama,aoyama-sipeb,2025,住友商事（株）,2,1,ag-kigyo-2025,
aoyama,aoyama-sipeb,2025,双日（株）,2,1,ag-kigyo-2025,
aoyama,aoyama-sipeb,2025,（株）電通,2,1,ag-kigyo-2025,
aoyama,aoyama-sipeb,2025,日本アイ・ビー・エム（株）,2,1,ag-kigyo-2025,
aoyama,aoyama-sipeb,2025,（株）日本総合研究所,2,1,ag-kigyo-2025,
aoyama,aoyama-sipeb,2025,（株）ベイカレント,2,1,ag-kigyo-2025,
aoyama,aoyama-sipeb,2025,（株）三井住友銀行,2,1,ag-kigyo-2025,
aoyama,aoyama-sipeb,2025,山崎製パン（株）,2,1,ag-kigyo-2025,
aoyama,aoyama-sipeb,2025,楽天グループ（株）,2,1,ag-kigyo-2025,
aoyama,aoyama-sipeb,2025,りそなグループ,2,1,ag-kigyo-2025,
aoyama,aoyama-sipeb,2025,国土交通省,2,1,ag-kigyo-2025,
aoyama,aoyama-culture,2025,レバレジーズ（株）,4,1,ag-kigyo-2025,
aoyama,aoyama-culture,2025,日本航空（株）,3,1,ag-kigyo-2025,
aoyama,aoyama-culture,2025,（株）ＩＤホールディングス,2,1,ag-kigyo-2025,
aoyama,aoyama-culture,2025,アクセンチュア（株）,2,1,ag-kigyo-2025,
aoyama,aoyama-culture,2025,（株）アミューズ,2,1,ag-kigyo-2025,
aoyama,aoyama-culture,2025,伊藤忠テクノソリューションズ（株）,2,1,ag-kigyo-2025,
aoyama,aoyama-culture,2025,伊藤忠商事（株）,2,1,ag-kigyo-2025,
aoyama,aoyama-culture,2025,（株）ＮＴＴドコモ,2,1,ag-kigyo-2025,
aoyama,aoyama-culture,2025,（株）サイバーエージェント,2,1,ag-kigyo-2025,
aoyama,aoyama-culture,2025,スズキ（株）,2,1,ag-kigyo-2025,
aoyama,aoyama-culture,2025,ＴＩＳ（株）,2,1,ag-kigyo-2025,
aoyama,aoyama-culture,2025,東急不動産（株）,2,1,ag-kigyo-2025,
aoyama,aoyama-culture,2025,日本放送協会,2,1,ag-kigyo-2025,
aoyama,aoyama-culture,2025,日本アイ・ビー・エム（株）,2,1,ag-kigyo-2025,
aoyama,aoyama-culture,2025,（株）乃村工藝社,2,1,ag-kigyo-2025,
aoyama,aoyama-culture,2025,（株）ベイカレント,2,1,ag-kigyo-2025,
aoyama,aoyama-culture,2025,（株）ベクトル,2,1,ag-kigyo-2025,
aoyama,aoyama-culture,2025,三菱ＵＦＪモルガン・スタンレー証券（株）,2,1,ag-kigyo-2025,
aoyama,aoyama-culture,2025,（株）Ｕ‐ＮＥＸＴ ＨＯＬＤＩＮＧＳ,2,1,ag-kigyo-2025,
aoyama,aoyama-culture,2025,東京都,2,1,ag-kigyo-2025,
aoyama,aoyama-global,2025,レバレジーズ（株）,7,1,ag-kigyo-2025,
aoyama,aoyama-global,2025,全日本空輸（株）,5,1,ag-kigyo-2025,
aoyama,aoyama-global,2025,楽天グループ（株）,5,1,ag-kigyo-2025,
aoyama,aoyama-global,2025,（株）ＪＴＢ,3,1,ag-kigyo-2025,
aoyama,aoyama-global,2025,日本航空（株）,3,1,ag-kigyo-2025,
aoyama,aoyama-global,2025,日本通運（株）,2,1,ag-kigyo-2025,
aoyama,aoyama-global,2025,三菱自動車工業（株）,2,1,ag-kigyo-2025,
aoyama,aoyama-global,2025,（株）エイチ・アイ・エス,1,1,ag-kigyo-2025,
aoyama,aoyama-global,2025,（株）サニーサイドアップ,1,1,ag-kigyo-2025,
aoyama,aoyama-global,2025,ソフトバンク（株）,1,1,ag-kigyo-2025,
aoyama,aoyama-global,2025,（株）電通ＰＲコンサルティング,1,1,ag-kigyo-2025,
aoyama,aoyama-global,2025,日本銀行,1,1,ag-kigyo-2025,
aoyama,aoyama-global,2025,（株）ファーストリテイリング,1,1,ag-kigyo-2025,
aoyama,aoyama-global,2025,（株）ベクトル,1,1,ag-kigyo-2025,
aoyama,aoyama-global,2025,（株）三井住友銀行,1,1,ag-kigyo-2025,
aoyama,aoyama-global,2025,（株）三越伊勢丹,1,1,ag-kigyo-2025,
aoyama,aoyama-global,2025,（株）ユニクロ,1,1,ag-kigyo-2025,
aoyama,aoyama-global,2025,（株）ＬＩＸＩＬ,1,1,ag-kigyo-2025,
aoyama,aoyama-global,2025,ＹＫＫ（株）,1,1,ag-kigyo-2025,
aoyama,aoyama-global,2025,東京都,1,1,ag-kigyo-2025,
aoyama,aoyama-community,2025,第一生命保険（株）,4,1,ag-kigyo-2025,
aoyama,aoyama-community,2025,ＮＥＣソリューションイノベータ（株）,3,1,ag-kigyo-2025,
aoyama,aoyama-community,2025,藤沢市,3,1,ag-kigyo-2025,
aoyama,aoyama-community,2025,横浜市,3,1,ag-kigyo-2025,
aoyama,aoyama-community,2025,ＮＴＴ東日本（株）,2,1,ag-kigyo-2025,
aoyama,aoyama-community,2025,ＪＫホールディングス（株）,2,1,ag-kigyo-2025,
aoyama,aoyama-community,2025,住友林業（株）,2,1,ag-kigyo-2025,
aoyama,aoyama-community,2025,（株）タイミー,2,1,ag-kigyo-2025,
aoyama,aoyama-community,2025,大和証券グループ,2,1,ag-kigyo-2025,
aoyama,aoyama-community,2025,東急リバブル（株）,2,1,ag-kigyo-2025,
aoyama,aoyama-community,2025,日本アイ・ビー・エム（株）,2,1,ag-kigyo-2025,
aoyama,aoyama-community,2025,日本生命保険相互会社,2,1,ag-kigyo-2025,
aoyama,aoyama-community,2025,富士通（株）,2,1,ag-kigyo-2025,
aoyama,aoyama-community,2025,（株）ベネッセスタイルケア,2,1,ag-kigyo-2025,
aoyama,aoyama-community,2025,三井不動産リアルティ（株）,2,1,ag-kigyo-2025,
aoyama,aoyama-community,2025,楽天カード（株）,2,1,ag-kigyo-2025,
aoyama,aoyama-community,2025,楽天グループ（株）,2,1,ag-kigyo-2025,
aoyama,aoyama-community,2025,（株）ＬＩＴＡＬＩＣＯ,2,1,ag-kigyo-2025,
aoyama,aoyama-community,2025,厚木市,2,1,ag-kigyo-2025,
aoyama,aoyama-community,2025,相模原市,1,1,ag-kigyo-2025,
aoyama,aoyama-scieng,2025,アクセンチュア（株）,8,1,ag-kigyo-2025,
aoyama,aoyama-scieng,2025,（株）日本総合研究所,6,1,ag-kigyo-2025,
aoyama,aoyama-scieng,2025,日本電気（株）,5,1,ag-kigyo-2025,
aoyama,aoyama-scieng,2025,ＮＥＣソリューションイノベータ（株）,4,1,ag-kigyo-2025,
aoyama,aoyama-scieng,2025,Ｓｋｙ（株）,4,1,ag-kigyo-2025,
aoyama,aoyama-scieng,2025,（株）ＤＹＭ,4,1,ag-kigyo-2025,
aoyama,aoyama-scieng,2025,（株）ＤＩＲＢＡＴＯ,4,1,ag-kigyo-2025,
aoyama,aoyama-scieng,2025,（株）日立ソリューションズ,4,1,ag-kigyo-2025,
aoyama,aoyama-scieng,2025,（株）ベイカレント,4,1,ag-kigyo-2025,
aoyama,aoyama-scieng,2025,ベース（株）,4,1,ag-kigyo-2025,
aoyama,aoyama-scieng,2025,伊藤忠テクノソリューションズ（株）,3,1,ag-kigyo-2025,
aoyama,aoyama-scieng,2025,ＳＣＳＫ（株）,3,1,ag-kigyo-2025,
aoyama,aoyama-scieng,2025,（株）オービック,3,1,ag-kigyo-2025,
aoyama,aoyama-scieng,2025,東京電力ホールディングス（株）,3,1,ag-kigyo-2025,
aoyama,aoyama-scieng,2025,みずほリサーチ＆テクノロジーズ（株）,3,1,ag-kigyo-2025,
aoyama,aoyama-scieng,2025,川崎重工業（株）,2,1,ag-kigyo-2025,
aoyama,aoyama-scieng,2025,日本アイ・ビー・エム（株）,2,1,ag-kigyo-2025,
aoyama,aoyama-scieng,2025,富士通（株）,2,1,ag-kigyo-2025,
aoyama,aoyama-scieng,2025,本田技研工業（株）,2,1,ag-kigyo-2025,
aoyama,aoyama-scieng,2025,三菱電機（株）,2,1,ag-kigyo-2025,
aoyama,aoyama-socinfo,2025,（株）日立ソリューションズ,5,1,ag-kigyo-2025,
aoyama,aoyama-socinfo,2025,日本電気（株）,4,1,ag-kigyo-2025,
aoyama,aoyama-socinfo,2025,楽天グループ（株）,4,1,ag-kigyo-2025,
aoyama,aoyama-socinfo,2025,ＳＣＳＫ（株）,3,1,ag-kigyo-2025,
aoyama,aoyama-socinfo,2025,ＮＴＴ東日本（株）,3,1,ag-kigyo-2025,
aoyama,aoyama-socinfo,2025,ソフトバンク（株）,3,1,ag-kigyo-2025,
aoyama,aoyama-socinfo,2025,日鉄ソリューションズ（株）,3,1,ag-kigyo-2025,
aoyama,aoyama-socinfo,2025,（株）ベイカレント,3,1,ag-kigyo-2025,
aoyama,aoyama-socinfo,2025,伊藤忠テクノソリューションズ（株）,2,1,ag-kigyo-2025,
aoyama,aoyama-socinfo,2025,ＮＥＣソリューションイノベータ（株）,2,1,ag-kigyo-2025,
aoyama,aoyama-socinfo,2025,ＮＴＴデータグループ,2,1,ag-kigyo-2025,
aoyama,aoyama-socinfo,2025,Ｓｋｙ（株）,2,1,ag-kigyo-2025,
aoyama,aoyama-socinfo,2025,（株）大和総研,2,1,ag-kigyo-2025,
aoyama,aoyama-socinfo,2025,東海旅客鉄道（株）,2,1,ag-kigyo-2025,
aoyama,aoyama-socinfo,2025,パナソニックコネクト（株）,2,1,ag-kigyo-2025,
aoyama,aoyama-socinfo,2025,東日本旅客鉄道（株）,2,1,ag-kigyo-2025,
aoyama,aoyama-socinfo,2025,（株）日立システムズ,2,1,ag-kigyo-2025,
aoyama,aoyama-socinfo,2025,（株）日立製作所,2,1,ag-kigyo-2025,
aoyama,aoyama-socinfo,2025,富士通（株）,2,1,ag-kigyo-2025,
aoyama,aoyama-socinfo,2025,みずほフィナンシャルグループ,2,1,ag-kigyo-2025,
