university_id,faculty_id,year,graduates,employed,further_study,employment_rate,source_id
doshisha,doshisha-theology,2025,,44,,100.0,dsh-gakubu-2025
doshisha,doshisha-letters,2025,,541,,99.6,dsh-gakubu-2025
doshisha,doshisha-sociology,2025,,372,,99.7,dsh-gakubu-2025
doshisha,doshisha-law,2025,,603,,99.0,dsh-gakubu-2025
doshisha,doshisha-economics,2025,,716,,98.9,dsh-gakubu-2025
doshisha,doshisha-commerce,2025,,792,,99.9,dsh-gakubu-2025
doshisha,doshisha-policy,2025,,372,,100.0,dsh-gakubu-2025
doshisha,doshisha-culture-info,2025,,235,,100.0,dsh-gakubu-2025
doshisha,doshisha-sports-health,2025,,189,,99.5,dsh-gakubu-2025
doshisha,doshisha-psychology,2025,,117,,100.0,dsh-gakubu-2025
doshisha,doshisha-global-comm,2025,,114,,98.3,dsh-gakubu-2025
doshisha,doshisha-global-regional,2025,,159,,99.4,dsh-gakubu-2025
doshisha,doshisha-sci-eng,2025,,277,,100.0,dsh-gakubu-2025
doshisha,doshisha-life-med,2025,,89,,98.9,dsh-gakubu-2025
doshisha,doshisha-theology,2024,,41,,97.6,dsh-gakubu-2024
doshisha,doshisha-letters,2024,,514,,99.8,dsh-gakubu-2024
doshisha,doshisha-sociology,2024,,348,,99.7,dsh-gakubu-2024
doshisha,doshisha-law,2024,,639,,99.8,dsh-gakubu-2024
doshisha,doshisha-economics,2024,,741,,99.7,dsh-gakubu-2024
doshisha,doshisha-commerce,2024,,734,,100.0,dsh-gakubu-2024
doshisha,doshisha-policy,2024,,361,,100.0,dsh-gakubu-2024
doshisha,doshisha-culture-info,2024,,229,,99.6,dsh-gakubu-2024
doshisha,doshisha-sports-health,2024,,179,,98.4,dsh-gakubu-2024
doshisha,doshisha-psychology,2024,,106,,98.1,dsh-gakubu-2024
doshisha,doshisha-global-comm,2024,,136,,100.0,dsh-gakubu-2024
doshisha,doshisha-global-regional,2024,,163,,100.0,dsh-gakubu-2024
doshisha,doshisha-sci-eng,2024,,247,,99.6,dsh-gakubu-2024
doshisha,doshisha-life-med,2024,,87,,98.9,dsh-gakubu-2024
