faculty_id,university_id,faculty,department,field,student_count,source_id
doshisha-theology,doshisha,神学部,,文系,,dsh-gakubu-2025
doshisha-letters,doshisha,文学部,,文系,,dsh-gakubu-2025
doshisha-sociology,doshisha,社会学部,,文系,,dsh-gakubu-2025
doshisha-law,doshisha,法学部,,文系,,dsh-gakubu-2025
doshisha-economics,doshisha,経済学部,,文系,,dsh-gakubu-2025
doshisha-commerce,doshisha,商学部,,文系,,dsh-gakubu-2025
doshisha-policy,doshisha,政策学部,,文系,,dsh-gakubu-2025
doshisha-culture-info,doshisha,文化情報学部,,文理融合,,dsh-gakubu-2025
doshisha-sports-health,doshisha,スポーツ健康科学部,,文系,,dsh-gakubu-2025
doshisha-psychology,doshisha,心理学部,,文系,,dsh-gakubu-2025
doshisha-global-comm,doshisha,グローバル・コミュニケーション学部,,文系,,dsh-gakubu-2025
doshisha-global-regional,doshisha,グローバル地域文化学部,,文系,,dsh-gakubu-2025
doshisha-sci-eng,doshisha,理工学部,,理系,,dsh-gakubu-2025
doshisha-life-med,doshisha,生命医科学部,,理系,,dsh-gakubu-2025
