source_id,url,source_name,source_type,retrieved_at,published_at,target_year,scope,reliability,note
chuo-data-2025,https://www.chuo-u.ac.jp/career/center/employment_data/2025/,中央大学キャリアセンター 進路・就職データ 2025年度,university,2026-10-05,,2025,public,A,学部別PDF（進路状況・業種別就職状況・就職先企業データ）の一覧ページ
chuo-kettei-2025,https://www.chuo-u.ac.jp/uploads/2026/08/career_center_employment_data_2025_12.pdf,中央大学 2025年度学部学科別 就職希望者における就職決定率,university,2026-10-05,,2025,public,A,学部計の行を転記（学科合算は不要）。employed=（卒業進路）就職者数、employment_rate=就職者数÷就職希望者数。2024年度も同資料から。graduates（2025年度）は各学部の進路状況PDF（chuo-shinro-*）の「計◯人」。further_studyは割合のみ公表のため空欄
chuo-gakusei-2025,https://www.chuo-u.ac.jp/uploads/2025/12/aboutus_overview_head_count_head_count01_2025.pdf,中央大学 学部在籍学生数（2025年度）,university,2026-10-05,2025-05-01,2025,public,A,2025年5月1日現在。休学者・修学延長生を含む。学科の値を学部計で転記
chuo-shinro-law-2025,https://www.chuo-u.ac.jp/uploads/2026/06/career_center_employment_data_2025_01_01.pdf,中央大学 2025年度卒業生 進路状況 法学部,university,2026-10-05,2026-04-09,2025,public,A,2026年4月9日現在。2026年3月・2025年9月卒業生。卒業者数（計）のみ人数、内訳は割合のみ
chuo-gyoshu-law-2025,https://www.chuo-u.ac.jp/uploads/2026/06/career_center_employment_data_2025_01_02.pdf,中央大学 2025年度卒業生 業種別就職状況 法学部,university,2026-10-05,2026-04-09,2025,public,A,2026年4月9日現在。円グラフの割合（%）のみ公表のため ratio=%/100、countは空欄。区分は大学公表のまま。表示されていない区分は記載なし
chuo-kigyo-law-2025,https://www.chuo-u.ac.jp/uploads/2026/07/career_center_employment_data_2025_01_03.pdf,中央大学 2025年度卒業生の主な就職先 法学部,university,2026-10-05,2026-04-09,2025,public,A,2026年4月9日現在。就職者2名以上の企業・機関（人数つき）。
chuo-shinro-economics-2025,https://www.chuo-u.ac.jp/uploads/2026/06/career_center_employment_data_2025_02_01.pdf,中央大学 2025年度卒業生 進路状況 経済学部,university,2026-10-05,2026-04-09,2025,public,A,2026年4月9日現在。2026年3月・2025年9月卒業生。卒業者数（計）のみ人数、内訳は割合のみ
chuo-gyoshu-economics-2025,https://www.chuo-u.ac.jp/uploads/2026/06/career_center_employment_data_2025_02_02.pdf,中央大学 2025年度卒業生 業種別就職状況 経済学部,university,2026-10-05,2026-04-09,2025,public,A,2026年4月9日現在。円グラフの割合（%）のみ公表のため ratio=%/100、countは空欄。区分は大学公表のまま。表示されていない区分は記載なし
chuo-kigyo-economics-2025,https://www.chuo-u.ac.jp/uploads/2026/07/career_center_employment_data_2025_02_03.pdf,中央大学 2025年度卒業生の主な就職先 経済学部,university,2026-10-05,2026-04-09,2025,public,A,2026年4月9日現在。就職者2名以上の企業・機関（人数つき）。
chuo-shinro-commerce-2025,https://www.chuo-u.ac.jp/uploads/2026/06/career_center_employment_data_2025_03_01.pdf,中央大学 2025年度卒業生 進路状況 商学部,university,2026-10-05,2026-04-09,2025,public,A,2026年4月9日現在。2026年3月・2025年9月卒業生。卒業者数（計）のみ人数、内訳は割合のみ
chuo-gyoshu-commerce-2025,https://www.chuo-u.ac.jp/uploads/2026/06/career_center_employment_data_2025_03_02.pdf,中央大学 2025年度卒業生 業種別就職状況 商学部,university,2026-10-05,2026-04-09,2025,public,A,2026年4月9日現在。円グラフの割合（%）のみ公表のため ratio=%/100、countは空欄。区分は大学公表のまま。表示されていない区分は記載なし
chuo-kigyo-commerce-2025,https://www.chuo-u.ac.jp/uploads/2026/07/career_center_employment_data_2025_03_03.pdf,中央大学 2025年度卒業生の主な就職先 商学部,university,2026-10-05,2026-04-09,2025,public,A,2026年4月9日現在。就職者2名以上の企業・機関（人数つき）。
chuo-shinro-science-2025,https://www.chuo-u.ac.jp/uploads/2026/06/career_center_employment_data_2025_04_01.pdf,中央大学 2025年度卒業生 進路状況 理工学部,university,2026-10-05,2026-04-09,2025,public,A,2026年4月9日現在。2026年3月・2025年9月卒業生。卒業者数（計）のみ人数、内訳は割合のみ
chuo-gyoshu-science-2025,https://www.chuo-u.ac.jp/uploads/2026/06/career_center_employment_data_2025_04_02.pdf,中央大学 2025年度卒業生 業種別就職状況 理工学部,university,2026-10-05,2026-04-09,2025,public,A,2026年4月9日現在。円グラフの割合（%）のみ公表のため ratio=%/100、countは空欄。区分は大学公表のまま。表示されていない区分は記載なし
chuo-kigyo-science-2025,https://www.chuo-u.ac.jp/uploads/2026/07/career_center_employment_data_2025_04_03.pdf,中央大学 2025年度卒業生の主な就職先 理工学部,university,2026-10-05,2026-04-09,2025,public,A,2026年4月9日現在。就職者2名以上の企業・機関（人数つき）。「理工学部（大学院含む）」と表記されており大学院修了者を含む（分離不可）
chuo-shinro-letters-2025,https://www.chuo-u.ac.jp/uploads/2026/06/career_center_employment_data_2025_05_01.pdf,中央大学 2025年度卒業生 進路状況 文学部,university,2026-10-05,2026-04-09,2025,public,A,2026年4月9日現在。2026年3月・2025年9月卒業生。卒業者数（計）のみ人数、内訳は割合のみ
chuo-gyoshu-letters-2025,https://www.chuo-u.ac.jp/uploads/2026/06/career_center_employment_data_2025_05_02.pdf,中央大学 2025年度卒業生 業種別就職状況 文学部,university,2026-10-05,2026-04-09,2025,public,A,2026年4月9日現在。円グラフの割合（%）のみ公表のため ratio=%/100、countは空欄。区分は大学公表のまま。表示されていない区分は記載なし
chuo-kigyo-letters-2025,https://www.chuo-u.ac.jp/uploads/2026/07/career_center_employment_data_2025_05_03.pdf,中央大学 2025年度卒業生の主な就職先 文学部,university,2026-10-05,2026-04-09,2025,public,A,2026年4月9日現在。就職者2名以上の企業・機関（人数つき）。
chuo-shinro-policy-2025,https://www.chuo-u.ac.jp/uploads/2026/06/career_center_employment_data_2025_06_01.pdf,中央大学 2025年度卒業生 進路状況 総合政策学部,university,2026-10-05,2026-04-09,2025,public,A,2026年4月9日現在。2026年3月・2025年9月卒業生。卒業者数（計）のみ人数、内訳は割合のみ
chuo-gyoshu-policy-2025,https://www.chuo-u.ac.jp/uploads/2026/06/career_center_employment_data_2025_06_02.pdf,中央大学 2025年度卒業生 業種別就職状況 総合政策学部,university,2026-10-05,2026-04-09,2025,public,A,2026年4月9日現在。円グラフの割合（%）のみ公表のため ratio=%/100、countは空欄。区分は大学公表のまま。表示されていない区分は記載なし
chuo-kigyo-policy-2025,https://www.chuo-u.ac.jp/uploads/2026/07/career_center_employment_data_2025_06_03.pdf,中央大学 2025年度卒業生の主な就職先 総合政策学部,university,2026-10-05,2026-04-09,2025,public,A,2026年4月9日現在。就職者2名以上の企業・機関（人数つき）。
chuo-shinro-globalmgmt-2025,https://www.chuo-u.ac.jp/uploads/2026/06/career_center_employment_data_2025_07_01.pdf,中央大学 2025年度卒業生 進路状況 国際経営学部,university,2026-10-05,2026-04-09,2025,public,A,2026年4月9日現在。2026年3月・2025年9月卒業生。卒業者数（計）のみ人数、内訳は割合のみ
chuo-gyoshu-globalmgmt-2025,https://www.chuo-u.ac.jp/uploads/2026/06/career_center_employment_data_2025_07_02.pdf,中央大学 2025年度卒業生 業種別就職状況 国際経営学部,university,2026-10-05,2026-04-09,2025,public,A,2026年4月9日現在。円グラフの割合（%）のみ公表のため ratio=%/100、countは空欄。区分は大学公表のまま。表示されていない区分は記載なし
chuo-kigyo-globalmgmt-2025,https://www.chuo-u.ac.jp/uploads/2026/07/career_center_employment_data_2025_07_03.pdf,中央大学 2025年度卒業生の主な就職先 国際経営学部,university,2026-10-05,2026-04-09,2025,public,A,2026年4月9日現在。就職者2名以上の企業・機関（人数つき）。
chuo-shinro-globalinfo-2025,https://www.chuo-u.ac.jp/uploads/2026/06/career_center_employment_data_2025_08_01.pdf,中央大学 2025年度卒業生 進路状況 国際情報学部,university,2026-10-05,2026-04-09,2025,public,A,2026年4月9日現在。2026年3月・2025年9月卒業生。卒業者数（計）のみ人数、内訳は割合のみ
chuo-gyoshu-globalinfo-2025,https://www.chuo-u.ac.jp/uploads/2026/06/career_center_employment_data_2025_08_02.pdf,中央大学 2025年度卒業生 業種別就職状況 国際情報学部,university,2026-10-05,2026-04-09,2025,public,A,2026年4月9日現在。円グラフの割合（%）のみ公表のため ratio=%/100、countは空欄。区分は大学公表のまま。表示されていない区分は記載なし
chuo-kigyo-globalinfo-2025,https://www.chuo-u.ac.jp/uploads/2026/07/career_center_employment_data_2025_08_03.pdf,中央大学 2025年度卒業生の主な就職先 国際情報学部,university,2026-10-05,2026-04-09,2025,public,A,2026年4月9日現在。就職者2名以上の企業・機関（人数つき）。
