university_id,faculty_id,year,graduates,employed,further_study,employment_rate,source_id
waseda,waseda-01,2023,1924,1733,110,95.5,demo-waseda-career
waseda,waseda-01,2024,1923,1780,80,96.6,demo-waseda-career
waseda,waseda-02,2023,2059,1879,104,96.1,demo-waseda-career
waseda,waseda-02,2024,1966,1758,97,94.1,demo-waseda-career
waseda,waseda-03,2023,1693,1552,72,95.7,demo-waseda-career
waseda,waseda-03,2024,1580,1411,77,93.9,demo-waseda-career
waseda,waseda-04,2023,1497,1090,363,96.1,demo-waseda-career
waseda,waseda-04,2024,1291,917,336,96.0,demo-waseda-career
keio,keio-01,2023,2587,2400,115,97.1,demo-keio-career
keio,keio-01,2024,2857,2615,163,97.1,demo-keio-career
keio,keio-02,2023,2357,2169,109,96.5,demo-keio-career
keio,keio-02,2024,2509,2252,116,94.1,demo-keio-career
keio,keio-03,2023,1705,1242,432,97.6,demo-keio-career
keio,keio-03,2024,1755,1263,427,95.1,demo-keio-career
meiji,meiji-01,2023,1288,1135,66,92.9,demo-meiji-career
meiji,meiji-01,2024,1329,1224,53,95.9,demo-meiji-career
meiji,meiji-02,2023,1439,1336,68,97.4,demo-meiji-career
meiji,meiji-02,2024,1298,1169,77,95.7,demo-meiji-career
meiji,meiji-03,2023,1245,1112,58,93.7,demo-meiji-career
meiji,meiji-03,2024,1242,1124,66,95.6,demo-meiji-career
meiji,meiji-04,2023,1150,809,322,97.7,demo-meiji-career
meiji,meiji-04,2024,1128,767,315,94.3,demo-meiji-career
aoyama,aoyama-01,2023,1630,1457,81,94.1,demo-aoyama-career
aoyama,aoyama-01,2024,1750,1616,96,97.7,demo-aoyama-career
aoyama,aoyama-02,2023,1293,1164,62,94.6,demo-aoyama-career
aoyama,aoyama-02,2024,1367,1209,65,92.9,demo-aoyama-career
aoyama,aoyama-03,2023,1689,1211,433,96.4,demo-aoyama-career
aoyama,aoyama-03,2024,1754,1247,440,94.9,demo-aoyama-career
rikkyo,rikkyo-01,2023,1395,1225,78,93.0,demo-rikkyo-career
rikkyo,rikkyo-01,2024,1528,1373,74,94.4,demo-rikkyo-career
rikkyo,rikkyo-02,2023,1362,1266,69,97.9,demo-rikkyo-career
rikkyo,rikkyo-02,2024,1391,1253,80,95.6,demo-rikkyo-career
rikkyo,rikkyo-03,2023,1255,1157,70,97.6,demo-rikkyo-career
rikkyo,rikkyo-03,2024,1112,1029,50,96.9,demo-rikkyo-career
chuo,chuo-01,2023,940,849,44,94.8,demo-chuo-career
chuo,chuo-01,2024,1043,956,56,96.9,demo-chuo-career
chuo,chuo-02,2023,1620,1476,91,96.5,demo-chuo-career
chuo,chuo-02,2024,1692,1507,101,94.7,demo-chuo-career
chuo,chuo-03,2023,1323,1156,77,92.8,demo-chuo-career
chuo,chuo-03,2024,1247,1118,72,95.1,demo-chuo-career
chuo,chuo-04,2023,1587,1179,369,96.8,demo-chuo-career
chuo,chuo-04,2024,1607,1212,359,97.1,demo-chuo-career
hosei,hosei-01,2023,2427,2259,107,97.4,demo-hosei-career
hosei,hosei-01,2024,2191,1977,125,95.7,demo-hosei-career
hosei,hosei-02,2023,2326,2103,131,95.8,demo-hosei-career
hosei,hosei-02,2024,2321,2044,107,92.3,demo-hosei-career
hosei,hosei-03,2023,2392,1705,551,92.6,demo-hosei-career
hosei,hosei-03,2024,2382,1708,599,95.8,demo-hosei-career
hitotsubashi,hitotsubashi-01,2023,361,321,15,92.8,demo-hitotsubashi-career
hitotsubashi,hitotsubashi-01,2024,375,345,16,96.1,demo-hitotsubashi-career
hitotsubashi,hitotsubashi-02,2023,237,219,12,97.3,demo-hitotsubashi-career
hitotsubashi,hitotsubashi-02,2024,245,215,14,93.1,demo-hitotsubashi-career
hitotsubashi,hitotsubashi-03,2023,287,259,13,94.5,demo-hitotsubashi-career
hitotsubashi,hitotsubashi-03,2024,301,274,12,94.8,demo-hitotsubashi-career
tsukuba,tsukuba-01,2023,589,532,31,95.3,demo-tsukuba-career
tsukuba,tsukuba-01,2024,607,543,35,94.9,demo-tsukuba-career
tsukuba,tsukuba-02,2023,836,496,304,93.2,demo-tsukuba-career
tsukuba,tsukuba-02,2024,798,483,276,92.5,demo-tsukuba-career
tsukuba,tsukuba-03,2023,526,314,193,94.3,demo-tsukuba-career
tsukuba,tsukuba-03,2024,530,366,154,97.3,demo-tsukuba-career
chiba,chiba-01,2023,977,889,52,96.1,demo-chiba-career
chiba,chiba-01,2024,1002,907,46,94.9,demo-chiba-career
chiba,chiba-02,2023,499,299,180,93.7,demo-chiba-career
chiba,chiba-02,2024,474,261,197,94.2,demo-chiba-career
chiba,chiba-03,2023,596,519,32,92.0,demo-chiba-career
chiba,chiba-03,2024,563,512,25,95.2,demo-chiba-career
kobe,kobe-01,2023,574,518,26,94.5,demo-kobe-career
kobe,kobe-01,2024,554,504,25,95.3,demo-kobe-career
kobe,kobe-02,2023,1286,1178,54,95.6,demo-kobe-career
kobe,kobe-02,2024,1249,1144,63,96.5,demo-kobe-career
kobe,kobe-03,2023,1181,697,452,95.6,demo-kobe-career
kobe,kobe-03,2024,1166,657,489,97.0,demo-kobe-career
doshisha,doshisha-01,2023,1999,1749,103,92.2,demo-doshisha-career
doshisha,doshisha-01,2024,1906,1742,93,96.1,demo-doshisha-career
doshisha,doshisha-02,2023,1199,1073,69,95.0,demo-doshisha-career
doshisha,doshisha-02,2024,1244,1129,73,96.4,demo-doshisha-career
doshisha,doshisha-03,2023,1527,1361,90,94.7,demo-doshisha-career
doshisha,doshisha-03,2024,1580,1446,74,96.0,demo-doshisha-career
doshisha,doshisha-04,2023,1634,1197,393,96.5,demo-doshisha-career
doshisha,doshisha-04,2024,1690,1172,461,95.4,demo-doshisha-career
kansai,kansai-01,2023,2034,1833,90,94.3,demo-kansai-career
kansai,kansai-01,2024,2182,2010,95,96.3,demo-kansai-career
kansai,kansai-02,2023,1255,1116,61,93.5,demo-kansai-career
kansai,kansai-02,2024,1254,1171,52,97.4,demo-kansai-career
kansai,kansai-03,2023,1799,1576,87,92.1,demo-kansai-career
kansai,kansai-03,2024,1698,1593,69,97.8,demo-kansai-career
kansai,kansai-04,2023,1312,987,287,96.3,demo-kansai-career
kansai,kansai-04,2024,1428,1062,322,96.0,demo-kansai-career
kwansei,kwansei-01,2023,1171,1068,56,95.8,demo-kwansei-career
kwansei,kwansei-01,2024,1203,1049,69,92.5,demo-kwansei-career
kwansei,kwansei-02,2023,1539,1344,87,92.6,demo-kwansei-career
kwansei,kwansei-02,2024,1652,1523,75,96.6,demo-kwansei-career
kwansei,kwansei-03,2023,1705,1528,101,95.3,demo-kwansei-career
kwansei,kwansei-03,2024,1695,1531,83,95.0,demo-kwansei-career
kwansei,kwansei-04,2023,1691,1173,435,93.4,demo-kwansei-career
kwansei,kwansei-04,2024,1883,1381,402,93.2,demo-kwansei-career
hiroshima,hiroshima-01,2023,994,886,42,93.1,demo-hiroshima-career
hiroshima,hiroshima-01,2024,901,822,48,96.4,demo-hiroshima-career
hiroshima,hiroshima-02,2023,1033,602,412,96.9,demo-hiroshima-career
hiroshima,hiroshima-02,2024,1027,629,345,92.2,demo-hiroshima-career
hiroshima,hiroshima-03,2023,571,512,29,94.5,demo-hiroshima-career
hiroshima,hiroshima-03,2024,638,573,36,95.2,demo-hiroshima-career
fukuoka,fukuoka-01,2023,1394,1261,80,96.0,demo-fukuoka-career
fukuoka,fukuoka-01,2024,1445,1304,76,95.3,demo-fukuoka-career
fukuoka,fukuoka-02,2023,1655,1504,87,95.9,demo-fukuoka-career
fukuoka,fukuoka-02,2024,1735,1604,91,97.6,demo-fukuoka-career
fukuoka,fukuoka-03,2023,1787,1357,397,97.6,demo-fukuoka-career
fukuoka,fukuoka-03,2024,1890,1232,556,92.4,demo-fukuoka-career
