company_id,name,industry,hiring_count,starting_salary,locations,transfer_policy,career_system,recruit_url,source_id
nitori,株式会社ニトリ,小売,500,300000,全国,,,,demo-company
fastretailing,株式会社ファーストリテイリング,小売,400,330000,全国,,,,demo-company
aeon,イオンリテール株式会社,小売,600,270000,全国,,,,demo-company
ryohin,株式会社良品計画,小売,150,280000,全国,,,,demo-company
seven,株式会社セブン‐イレブン・ジャパン,小売,300,270000,全国,,,,demo-company
rakuten,楽天グループ株式会社,IT・通信,500,310000,全国,,,,demo-company
nttdata,株式会社NTTデータ,IT・通信,600,300000,全国,,,,demo-company
fujitsu,富士通株式会社,IT・通信,900,290000,全国,,,,demo-company
nec,日本電気株式会社,IT・通信,700,290000,全国,,,,demo-company
softbank,ソフトバンク株式会社,IT・通信,600,300000,全国,,,,demo-company
cyberagent,株式会社サイバーエージェント,IT・通信,300,340000,全国,,,,demo-company
recruit,株式会社リクルート,広告・メディア,400,330000,全国,,,,demo-company
accenture,アクセンチュア株式会社,コンサル,1500,430000,全国,,,,demo-company
deloitte,デロイト トーマツ コンサルティング合同会社,コンサル,400,450000,全国,,,,demo-company
pwc,PwCコンサルティング合同会社,コンサル,400,450000,全国,,,,demo-company
mufg,株式会社三菱UFJ銀行,金融,800,300000,全国,,,,demo-company
smbc,株式会社三井住友銀行,金融,700,300000,全国,,,,demo-company
mizuho,株式会社みずほフィナンシャルグループ,金融,700,300000,全国,,,,demo-company
tokiomarine,東京海上日動火災保険株式会社,金融,500,290000,全国,,,,demo-company
nomura,野村證券株式会社,金融,400,300000,全国,,,,demo-company
fukuokafg,株式会社ふくおかフィナンシャルグループ,金融,200,250000,九州中心,,,,demo-company
hirogin,株式会社広島銀行,金融,120,240000,中国中心,,,,demo-company
mitsubishicorp,三菱商事株式会社,商社,150,330000,全国,,,,demo-company
itochu,伊藤忠商事株式会社,商社,140,330000,全国,,,,demo-company
ana,全日本空輸株式会社,航空・旅行,300,260000,全国,,,,demo-company
jal,日本航空株式会社,航空・旅行,250,260000,全国,,,,demo-company
jtb,株式会社JTB,航空・旅行,200,240000,全国,,,,demo-company
sony,ソニーグループ株式会社,メーカー,400,300000,全国,,,,demo-company
panasonic,パナソニック株式会社,メーカー,500,280000,全国,,,,demo-company
kao,花王株式会社,メーカー,150,280000,全国,,,,demo-company
toyota,トヨタ自動車株式会社,メーカー,700,290000,全国,,,,demo-company
hitachi,株式会社日立製作所,メーカー,800,290000,全国,,,,demo-company
mazda,マツダ株式会社,メーカー,300,260000,中国中心,,,,demo-company
suntory,サントリーホールディングス株式会社,食品,150,280000,全国,,,,demo-company
ajinomoto,味の素株式会社,食品,100,280000,全国,,,,demo-company
yamato,ヤマト運輸株式会社,物流,400,250000,全国,,,,demo-company
nipponexpress,NIPPON EXPRESSホールディングス株式会社,物流,400,260000,全国,,,,demo-company
mitsuifudosan,三井不動産株式会社,不動産,50,320000,全国,,,,demo-company
daiwahouse,大和ハウス工業株式会社,不動産,700,280000,全国,,,,demo-company
kepco,関西電力株式会社,インフラ,400,260000,関西中心,,,,demo-company
jrwest,西日本旅客鉄道株式会社,インフラ,500,250000,関西中心,,,,demo-company
kyuden,九州電力株式会社,インフラ,300,250000,九州中心,,,,demo-company
public,公務（国家・地方）,公務,,,全国,,,,demo-company
