university_id,faculty_id,year,company_name_raw,count,listed,source_id
waseda,waseda-01,2023,野村證券株式会社,38,1,demo-waseda-career
waseda,waseda-01,2023,株式会社みずほフィナンシャルグループ,38,1,demo-waseda-career
waseda,waseda-01,2023,東京海上日動火災保険株式会社,36,1,demo-waseda-career
waseda,waseda-01,2023,トヨタ自動車株式会社,23,1,demo-waseda-career
waseda,waseda-01,2023,株式会社三井住友銀行,23,1,demo-waseda-career
waseda,waseda-01,2023,三菱ＵＦＪ銀行,19,1,demo-waseda-career
waseda,waseda-01,2023,ニトリ,16,1,demo-waseda-career
waseda,waseda-01,2023,富士通株式会社,16,1,demo-waseda-career
waseda,waseda-01,2023,楽天グループ株式会社,15,1,demo-waseda-career
waseda,waseda-01,2023,花王株式会社,15,1,demo-waseda-career
waseda,waseda-01,2023,ソフトバンク株式会社,14,1,demo-waseda-career
waseda,waseda-01,2023,ソニーグループ株式会社,14,1,demo-waseda-career
waseda,waseda-01,2023,パナソニック株式会社,13,1,demo-waseda-career
waseda,waseda-01,2023,デロイト トーマツ コンサルティング合同会社,13,1,demo-waseda-career
waseda,waseda-01,2023,ユニクロ,13,1,demo-waseda-career
waseda,waseda-01,2023,エヌ・ティ・ティ・データ,12,1,demo-waseda-career
waseda,waseda-01,2023,日本電気株式会社,12,1,demo-waseda-career
waseda,waseda-01,2023,株式会社セブン‐イレブン・ジャパン,11,1,demo-waseda-career
waseda,waseda-01,2024,東京海上日動火災保険株式会社,36,1,demo-waseda-career
waseda,waseda-01,2024,株式会社みずほフィナンシャルグループ,32,1,demo-waseda-career
waseda,waseda-01,2024,ソニーグループ株式会社,25,1,demo-waseda-career
waseda,waseda-01,2024,ニトリ,22,1,demo-waseda-career
waseda,waseda-01,2024,三菱UFJ銀行,22,1,demo-waseda-career
waseda,waseda-01,2024,トヨタ自動車株式会社,20,1,demo-waseda-career
waseda,waseda-01,2024,株式会社サイバーエージェント,20,1,demo-waseda-career
waseda,waseda-01,2024,ソフトバンク株式会社,19,1,demo-waseda-career
waseda,waseda-01,2024,野村證券株式会社,19,1,demo-waseda-career
waseda,waseda-01,2024,株式会社三井住友銀行,18,1,demo-waseda-career
waseda,waseda-01,2024,エヌ・ティ・ティ・データ,18,1,demo-waseda-career
waseda,waseda-01,2024,ファーストリテイリング,14,1,demo-waseda-career
waseda,waseda-01,2024,花王株式会社,13,1,demo-waseda-career
waseda,waseda-01,2024,楽天グループ株式会社,12,1,demo-waseda-career
waseda,waseda-01,2024,株式会社日立製作所,12,1,demo-waseda-career
waseda,waseda-01,2024,日本電気株式会社,11,1,demo-waseda-career
waseda,waseda-01,2024,イオンリテール株式会社,10,1,demo-waseda-career
waseda,waseda-01,2024,株式会社セブン‐イレブン・ジャパン,9,1,demo-waseda-career
waseda,waseda-02,2023,株式会社みずほフィナンシャルグループ,46,1,demo-waseda-career
waseda,waseda-02,2023,株式会社三井住友銀行,39,1,demo-waseda-career
waseda,waseda-02,2023,東京海上日動火災保険株式会社,38,1,demo-waseda-career
waseda,waseda-02,2023,三菱ＵＦＪ銀行,37,1,demo-waseda-career
waseda,waseda-02,2023,トヨタ自動車株式会社,24,1,demo-waseda-career
waseda,waseda-02,2023,花王株式会社,23,1,demo-waseda-career
waseda,waseda-02,2023,株式会社日立製作所,21,1,demo-waseda-career
waseda,waseda-02,2023,エヌ・ティ・ティ・データ,20,1,demo-waseda-career
waseda,waseda-02,2023,ソニーグループ株式会社,20,1,demo-waseda-career
waseda,waseda-02,2023,ユニクロ,19,1,demo-waseda-career
waseda,waseda-02,2023,富士通株式会社,18,1,demo-waseda-career
waseda,waseda-02,2023,株式会社良品計画,16,1,demo-waseda-career
waseda,waseda-02,2023,アクセンチュア株式会社,15,1,demo-waseda-career
waseda,waseda-02,2023,デロイト トーマツ コンサルティング合同会社,15,1,demo-waseda-career
waseda,waseda-02,2023,楽天グループ株式会社,15,1,demo-waseda-career
waseda,waseda-02,2023,野村證券株式会社,15,1,demo-waseda-career
waseda,waseda-02,2023,日本電気株式会社,13,1,demo-waseda-career
waseda,waseda-02,2023,ソフトバンク株式会社,12,1,demo-waseda-career
waseda,waseda-02,2023,(株)ｱｲﾘｽｵｰﾔﾏ,,1,demo-waseda-career
waseda,waseda-02,2024,三菱ＵＦＪ銀行,45,1,demo-waseda-career
waseda,waseda-02,2024,株式会社みずほフィナンシャルグループ,40,1,demo-waseda-career
waseda,waseda-02,2024,東京海上日動火災保険株式会社,31,1,demo-waseda-career
waseda,waseda-02,2024,ソニーグループ株式会社,23,1,demo-waseda-career
waseda,waseda-02,2024,野村證券株式会社,21,1,demo-waseda-career
waseda,waseda-02,2024,日本電気株式会社,19,1,demo-waseda-career
waseda,waseda-02,2024,トヨタ自動車株式会社,19,1,demo-waseda-career
waseda,waseda-02,2024,株式会社サイバーエージェント,19,1,demo-waseda-career
waseda,waseda-02,2024,楽天グループ株式会社,18,1,demo-waseda-career
waseda,waseda-02,2024,花王株式会社,17,1,demo-waseda-career
waseda,waseda-02,2024,株式会社日立製作所,16,1,demo-waseda-career
waseda,waseda-02,2024,アクセンチュア株式会社,16,1,demo-waseda-career
waseda,waseda-02,2024,株式会社三井住友銀行,15,1,demo-waseda-career
waseda,waseda-02,2024,ソフトバンク株式会社,15,1,demo-waseda-career
waseda,waseda-02,2024,富士通株式会社,14,1,demo-waseda-career
waseda,waseda-02,2024,NTTデータ,13,1,demo-waseda-career
waseda,waseda-02,2024,ファーストリテイリング,12,1,demo-waseda-career
waseda,waseda-02,2024,デロイト トーマツ コンサルティング合同会社,12,1,demo-waseda-career
waseda,waseda-03,2023,株式会社サイバーエージェント,24,1,demo-waseda-career
waseda,waseda-03,2023,ニトリ,24,1,demo-waseda-career
waseda,waseda-03,2023,日本電気株式会社,21,1,demo-waseda-career
waseda,waseda-03,2023,ソフトバンク株式会社,17,1,demo-waseda-career
waseda,waseda-03,2023,株式会社三井住友銀行,16,1,demo-waseda-career
waseda,waseda-03,2023,NTTデータ,16,1,demo-waseda-career
waseda,waseda-03,2023,野村證券株式会社,15,1,demo-waseda-career
waseda,waseda-03,2023,地方公務員,15,1,demo-waseda-career
waseda,waseda-03,2023,株式会社リクルート,14,1,demo-waseda-career
waseda,waseda-03,2023,花王株式会社,13,1,demo-waseda-career
waseda,waseda-03,2023,ソニーグループ株式会社,12,1,demo-waseda-career
waseda,waseda-03,2023,富士通株式会社,11,1,demo-waseda-career
waseda,waseda-03,2023,株式会社日立製作所,11,1,demo-waseda-career
waseda,waseda-03,2023,東京海上日動火災保険株式会社,11,1,demo-waseda-career
waseda,waseda-03,2023,ユニクロ,10,1,demo-waseda-career
waseda,waseda-03,2023,楽天グループ株式会社,10,1,demo-waseda-career
waseda,waseda-03,2023,イオンリテール株式会社,9,1,demo-waseda-career
waseda,waseda-03,2023,株式会社セブン‐イレブン・ジャパン,8,1,demo-waseda-career
waseda,waseda-03,2024,株式会社みずほフィナンシャルグループ,20,1,demo-waseda-career
waseda,waseda-03,2024,株式会社ニトリ,20,1,demo-waseda-career
waseda,waseda-03,2024,東京海上日動火災保険株式会社,19,1,demo-waseda-career
waseda,waseda-03,2024,野村證券株式会社,15,1,demo-waseda-career
waseda,waseda-03,2024,三菱UFJ銀行,14,1,demo-waseda-career
waseda,waseda-03,2024,ユニクロ,13,1,demo-waseda-career
waseda,waseda-03,2024,富士通株式会社,12,1,demo-waseda-career
waseda,waseda-03,2024,エヌ・ティ・ティ・データ,12,1,demo-waseda-career
waseda,waseda-03,2024,株式会社三井住友銀行,11,1,demo-waseda-career
waseda,waseda-03,2024,株式会社セブン‐イレブン・ジャパン,11,1,demo-waseda-career
waseda,waseda-03,2024,花王株式会社,10,1,demo-waseda-career
waseda,waseda-03,2024,イオンリテール株式会社,10,1,demo-waseda-career
waseda,waseda-03,2024,ソフトバンク株式会社,9,1,demo-waseda-career
waseda,waseda-03,2024,株式会社サイバーエージェント,9,1,demo-waseda-career
waseda,waseda-03,2024,楽天グループ株式会社,8,1,demo-waseda-career
waseda,waseda-03,2024,株式会社良品計画,8,1,demo-waseda-career
waseda,waseda-03,2024,三井不動産株式会社,8,1,demo-waseda-career
waseda,waseda-03,2024,日本電気株式会社,7,1,demo-waseda-career
waseda,waseda-04,2023,ソニーグループ株式会社,46,1,demo-waseda-career
waseda,waseda-04,2023,株式会社日立製作所,37,1,demo-waseda-career
waseda,waseda-04,2023,パナソニック株式会社,35,1,demo-waseda-career
waseda,waseda-04,2023,花王株式会社,29,1,demo-waseda-career
waseda,waseda-04,2023,株式会社サイバーエージェント,27,1,demo-waseda-career
waseda,waseda-04,2023,日本電気株式会社,25,1,demo-waseda-career
waseda,waseda-04,2023,トヨタ自動車株式会社,23,1,demo-waseda-career
waseda,waseda-04,2023,ソフトバンク株式会社,20,1,demo-waseda-career
waseda,waseda-04,2023,NTTデータ,16,1,demo-waseda-career
waseda,waseda-04,2023,楽天グループ株式会社,15,1,demo-waseda-career
waseda,waseda-04,2023,富士通株式会社,11,1,demo-waseda-career
waseda,waseda-04,2023,アクセンチュア株式会社,7,1,demo-waseda-career
waseda,waseda-04,2023,デロイト トーマツ コンサルティング合同会社,6,1,demo-waseda-career
waseda,waseda-04,2023,株式会社ニトリ,5,1,demo-waseda-career
waseda,waseda-04,2023,三井不動産株式会社,4,1,demo-waseda-career
waseda,waseda-04,2023,大和ハウス工業株式会社,3,1,demo-waseda-career
waseda,waseda-04,2023,東京海上日動火災保険株式会社,3,1,demo-waseda-career
waseda,waseda-04,2023,PwCコンサルティング合同会社,2,1,demo-waseda-career
waseda,waseda-04,2024,トヨタ自動車株式会社,37,1,demo-waseda-career
waseda,waseda-04,2024,株式会社日立製作所,28,1,demo-waseda-career
waseda,waseda-04,2024,花王株式会社,27,1,demo-waseda-career
waseda,waseda-04,2024,エヌ・ティ・ティ・データ,26,1,demo-waseda-career
waseda,waseda-04,2024,日本電気株式会社,22,1,demo-waseda-career
waseda,waseda-04,2024,ソニーグループ株式会社,20,1,demo-waseda-career
waseda,waseda-04,2024,ソフトバンク株式会社,18,1,demo-waseda-career
waseda,waseda-04,2024,楽天グループ株式会社,17,1,demo-waseda-career
waseda,waseda-04,2024,パナソニック株式会社,15,1,demo-waseda-career
waseda,waseda-04,2024,富士通株式会社,11,1,demo-waseda-career
waseda,waseda-04,2024,株式会社サイバーエージェント,10,1,demo-waseda-career
waseda,waseda-04,2024,アクセンチュア株式会社,6,1,demo-waseda-career
waseda,waseda-04,2024,三井不動産株式会社,4,1,demo-waseda-career
waseda,waseda-04,2024,地方公務員,3,1,demo-waseda-career
waseda,waseda-04,2024,PwCコンサルティング合同会社,2,1,demo-waseda-career
waseda,waseda-04,2024,デロイト トーマツ コンサルティング合同会社,2,1,demo-waseda-career
waseda,waseda-04,2024,大和ハウス工業株式会社,2,1,demo-waseda-career
waseda,waseda-04,2024,ユニクロ,2,1,demo-waseda-career
waseda,waseda-04,2024,(株)ｱｲﾘｽｵｰﾔﾏ,,1,demo-waseda-career
keio,keio-01,2024,株式会社三井住友銀行,,1,demo-keio-career
keio,keio-01,2024,株式会社みずほフィナンシャルグループ,,1,demo-keio-career
keio,keio-01,2024,東京海上日動火災保険株式会社,,1,demo-keio-career
keio,keio-01,2024,野村證券株式会社,,1,demo-keio-career
keio,keio-01,2024,三菱ＵＦＪ銀行,,1,demo-keio-career
keio,keio-01,2024,トヨタ自動車株式会社,,1,demo-keio-career
keio,keio-01,2024,株式会社日立製作所,,1,demo-keio-career
keio,keio-01,2024,楽天グループ株式会社,,1,demo-keio-career
keio,keio-01,2024,ソニーグループ株式会社,,1,demo-keio-career
keio,keio-01,2024,株式会社サイバーエージェント,,1,demo-keio-career
keio,keio-02,2024,株式会社三井住友銀行,,1,demo-keio-career
keio,keio-02,2024,三菱ＵＦＪ銀行,,1,demo-keio-career
keio,keio-02,2024,野村證券株式会社,,1,demo-keio-career
keio,keio-02,2024,ニトリ,,1,demo-keio-career
keio,keio-02,2024,株式会社日立製作所,,1,demo-keio-career
keio,keio-02,2024,株式会社みずほフィナンシャルグループ,,1,demo-keio-career
keio,keio-02,2024,ソフトバンク株式会社,,1,demo-keio-career
keio,keio-02,2024,エヌ・ティ・ティ・データ,,1,demo-keio-career
keio,keio-02,2024,株式会社サイバーエージェント,,1,demo-keio-career
keio,keio-02,2024,パナソニック株式会社,,1,demo-keio-career
keio,keio-03,2024,トヨタ自動車株式会社,,1,demo-keio-career
keio,keio-03,2024,株式会社日立製作所,,1,demo-keio-career
keio,keio-03,2024,花王株式会社,,1,demo-keio-career
keio,keio-03,2024,ソニーグループ株式会社,,1,demo-keio-career
keio,keio-03,2024,富士通株式会社,,1,demo-keio-career
keio,keio-03,2024,楽天グループ株式会社,,1,demo-keio-career
keio,keio-03,2024,ソフトバンク株式会社,,1,demo-keio-career
keio,keio-03,2024,NTTデータ,,1,demo-keio-career
keio,keio-03,2024,パナソニック株式会社,,1,demo-keio-career
keio,keio-03,2024,株式会社サイバーエージェント,,1,demo-keio-career
meiji,meiji-01,2023,東京海上日動火災保険株式会社,28,1,demo-meiji-career
meiji,meiji-01,2023,株式会社みずほフィナンシャルグループ,20,1,demo-meiji-career
meiji,meiji-01,2023,ソニーグループ株式会社,17,1,demo-meiji-career
meiji,meiji-01,2023,野村證券株式会社,17,1,demo-meiji-career
meiji,meiji-01,2023,(株)ニトリ,17,1,demo-meiji-career
meiji,meiji-01,2023,株式会社日立製作所,16,1,demo-meiji-career
meiji,meiji-01,2023,三菱ＵＦＪ銀行,15,1,demo-meiji-career
meiji,meiji-01,2023,パナソニック株式会社,14,1,demo-meiji-career
meiji,meiji-01,2023,トヨタ自動車株式会社,13,1,demo-meiji-career
meiji,meiji-01,2023,富士通株式会社,13,1,demo-meiji-career
meiji,meiji-01,2023,株式会社三井住友銀行,13,1,demo-meiji-career
meiji,meiji-01,2023,楽天グループ株式会社,11,1,demo-meiji-career
meiji,meiji-01,2023,株式会社良品計画,9,1,demo-meiji-career
meiji,meiji-01,2023,アクセンチュア株式会社,8,1,demo-meiji-career
meiji,meiji-01,2023,エヌ・ティ・ティ・データ,8,1,demo-meiji-career
meiji,meiji-01,2023,日本電気株式会社,7,1,demo-meiji-career
meiji,meiji-01,2023,ソフトバンク株式会社,7,1,demo-meiji-career
meiji,meiji-01,2023,株式会社セブン‐イレブン・ジャパン,6,1,demo-meiji-career
meiji,meiji-01,2024,株式会社みずほフィナンシャルグループ,29,1,demo-meiji-career
meiji,meiji-01,2024,東京海上日動火災保険株式会社,29,1,demo-meiji-career
meiji,meiji-01,2024,三菱ＵＦＪ銀行,25,1,demo-meiji-career
meiji,meiji-01,2024,野村證券株式会社,21,1,demo-meiji-career
meiji,meiji-01,2024,株式会社三井住友銀行,19,1,demo-meiji-career
meiji,meiji-01,2024,ニトリグループ,16,1,demo-meiji-career
meiji,meiji-01,2024,株式会社サイバーエージェント,15,1,demo-meiji-career
meiji,meiji-01,2024,パナソニック株式会社,15,1,demo-meiji-career
meiji,meiji-01,2024,トヨタ自動車株式会社,15,1,demo-meiji-career
meiji,meiji-01,2024,NTTデータ,13,1,demo-meiji-career
meiji,meiji-01,2024,ユニクロ,11,1,demo-meiji-career
meiji,meiji-01,2024,日本電気株式会社,11,1,demo-meiji-career
meiji,meiji-01,2024,楽天グループ株式会社,11,1,demo-meiji-career
meiji,meiji-01,2024,ソフトバンク株式会社,10,1,demo-meiji-career
meiji,meiji-01,2024,株式会社良品計画,9,1,demo-meiji-career
meiji,meiji-01,2024,ソニーグループ株式会社,9,1,demo-meiji-career
meiji,meiji-01,2024,富士通株式会社,8,1,demo-meiji-career
meiji,meiji-01,2024,花王株式会社,8,1,demo-meiji-career
meiji,meiji-02,2023,野村證券株式会社,28,1,demo-meiji-career
meiji,meiji-02,2023,ニトリグループ,18,1,demo-meiji-career
meiji,meiji-02,2023,富士通株式会社,18,1,demo-meiji-career
meiji,meiji-02,2023,株式会社三井住友銀行,17,1,demo-meiji-career
meiji,meiji-02,2023,ソフトバンク株式会社,16,1,demo-meiji-career
meiji,meiji-02,2023,ソニーグループ株式会社,15,1,demo-meiji-career
meiji,meiji-02,2023,株式会社日立製作所,15,1,demo-meiji-career
meiji,meiji-02,2023,株式会社サイバーエージェント,15,1,demo-meiji-career
meiji,meiji-02,2023,三菱ＵＦＪ銀行,15,1,demo-meiji-career
meiji,meiji-02,2023,ファーストリテイリング,13,1,demo-meiji-career
meiji,meiji-02,2023,東京海上日動火災保険株式会社,13,1,demo-meiji-career
meiji,meiji-02,2023,花王株式会社,12,1,demo-meiji-career
meiji,meiji-02,2023,株式会社みずほフィナンシャルグループ,12,1,demo-meiji-career
meiji,meiji-02,2023,日本電気株式会社,11,1,demo-meiji-career
meiji,meiji-02,2023,トヨタ自動車株式会社,11,1,demo-meiji-career
meiji,meiji-02,2023,楽天グループ株式会社,11,1,demo-meiji-career
meiji,meiji-02,2023,アクセンチュア株式会社,10,1,demo-meiji-career
meiji,meiji-02,2023,エヌ・ティ・ティ・データ,9,1,demo-meiji-career
meiji,meiji-02,2023,(株)ｱｲﾘｽｵｰﾔﾏ,,1,demo-meiji-career
meiji,meiji-02,2024,三菱ＵＦＪ銀行,28,1,demo-meiji-career
meiji,meiji-02,2024,野村證券株式会社,20,1,demo-meiji-career
meiji,meiji-02,2024,株式会社三井住友銀行,20,1,demo-meiji-career
meiji,meiji-02,2024,東京海上日動火災保険株式会社,17,1,demo-meiji-career
meiji,meiji-02,2024,(株)ニトリ,16,1,demo-meiji-career
meiji,meiji-02,2024,楽天グループ株式会社,15,1,demo-meiji-career
meiji,meiji-02,2024,富士通株式会社,15,1,demo-meiji-career
meiji,meiji-02,2024,株式会社サイバーエージェント,13,1,demo-meiji-career
meiji,meiji-02,2024,日本電気株式会社,13,1,demo-meiji-career
meiji,meiji-02,2024,トヨタ自動車株式会社,12,1,demo-meiji-career
meiji,meiji-02,2024,パナソニック株式会社,12,1,demo-meiji-career
meiji,meiji-02,2024,株式会社みずほフィナンシャルグループ,11,1,demo-meiji-career
meiji,meiji-02,2024,株式会社日立製作所,10,1,demo-meiji-career
meiji,meiji-02,2024,イオンリテール株式会社,9,1,demo-meiji-career
meiji,meiji-02,2024,花王株式会社,9,1,demo-meiji-career
meiji,meiji-02,2024,アクセンチュア株式会社,8,1,demo-meiji-career
meiji,meiji-02,2024,ソニーグループ株式会社,8,1,demo-meiji-career
meiji,meiji-02,2024,ユニクロ,8,1,demo-meiji-career
meiji,meiji-02,2024,(株)ｱｲﾘｽｵｰﾔﾏ,,1,demo-meiji-career
meiji,meiji-03,2023,楽天グループ株式会社,43,1,demo-meiji-career
meiji,meiji-03,2023,NTTデータ,31,1,demo-meiji-career
meiji,meiji-03,2023,日本電気株式会社,29,1,demo-meiji-career
meiji,meiji-03,2023,富士通株式会社,27,1,demo-meiji-career
meiji,meiji-03,2023,株式会社サイバーエージェント,26,1,demo-meiji-career
meiji,meiji-03,2023,ソフトバンク株式会社,22,1,demo-meiji-career
meiji,meiji-03,2023,アクセンチュア株式会社,11,1,demo-meiji-career
meiji,meiji-03,2023,トヨタ自動車株式会社,10,1,demo-meiji-career
meiji,meiji-03,2023,パナソニック株式会社,10,1,demo-meiji-career
meiji,meiji-03,2023,ソニーグループ株式会社,9,1,demo-meiji-career
meiji,meiji-03,2023,東京海上日動火災保険株式会社,8,1,demo-meiji-career
meiji,meiji-03,2023,三菱UFJ銀行,8,1,demo-meiji-career
meiji,meiji-03,2023,花王株式会社,7,1,demo-meiji-career
meiji,meiji-03,2023,野村證券株式会社,7,1,demo-meiji-career
meiji,meiji-03,2023,株式会社みずほフィナンシャルグループ,7,1,demo-meiji-career
meiji,meiji-03,2023,株式会社日立製作所,6,1,demo-meiji-career
meiji,meiji-03,2023,株式会社セブン‐イレブン・ジャパン,4,1,demo-meiji-career
meiji,meiji-03,2023,株式会社良品計画,4,1,demo-meiji-career
meiji,meiji-03,2024,ソフトバンク株式会社,37,1,demo-meiji-career
meiji,meiji-03,2024,エヌ・ティ・ティ・データ,36,1,demo-meiji-career
meiji,meiji-03,2024,富士通株式会社,35,1,demo-meiji-career
meiji,meiji-03,2024,株式会社サイバーエージェント,23,1,demo-meiji-career
meiji,meiji-03,2024,楽天グループ株式会社,20,1,demo-meiji-career
meiji,meiji-03,2024,日本電気株式会社,19,1,demo-meiji-career
meiji,meiji-03,2024,ソニーグループ株式会社,15,1,demo-meiji-career
meiji,meiji-03,2024,トヨタ自動車株式会社,12,1,demo-meiji-career
meiji,meiji-03,2024,パナソニック株式会社,10,1,demo-meiji-career
meiji,meiji-03,2024,株式会社リクルート,8,1,demo-meiji-career
meiji,meiji-03,2024,株式会社みずほフィナンシャルグループ,7,1,demo-meiji-career
meiji,meiji-03,2024,アクセンチュア株式会社,7,1,demo-meiji-career
meiji,meiji-03,2024,株式会社日立製作所,6,1,demo-meiji-career
meiji,meiji-03,2024,花王株式会社,6,1,demo-meiji-career
meiji,meiji-03,2024,野村證券株式会社,5,1,demo-meiji-career
meiji,meiji-03,2024,株式会社良品計画,5,1,demo-meiji-career
meiji,meiji-03,2024,東京海上日動火災保険株式会社,5,1,demo-meiji-career
meiji,meiji-03,2024,株式会社三井住友銀行,5,1,demo-meiji-career
meiji,meiji-04,2023,花王株式会社,27,1,demo-meiji-career
meiji,meiji-04,2023,ソニーグループ株式会社,26,1,demo-meiji-career
meiji,meiji-04,2023,トヨタ自動車株式会社,20,1,demo-meiji-career
meiji,meiji-04,2023,株式会社日立製作所,19,1,demo-meiji-career
meiji,meiji-04,2023,株式会社サイバーエージェント,18,1,demo-meiji-career
meiji,meiji-04,2023,楽天グループ株式会社,16,1,demo-meiji-career
meiji,meiji-04,2023,日本電気株式会社,14,1,demo-meiji-career
meiji,meiji-04,2023,NTTデータ,12,1,demo-meiji-career
meiji,meiji-04,2023,パナソニック株式会社,11,1,demo-meiji-career
meiji,meiji-04,2023,富士通株式会社,11,1,demo-meiji-career
meiji,meiji-04,2023,ソフトバンク株式会社,9,1,demo-meiji-career
meiji,meiji-04,2023,大和ハウス工業株式会社,2,1,demo-meiji-career
meiji,meiji-04,2023,株式会社みずほフィナンシャルグループ,2,1,demo-meiji-career
meiji,meiji-04,2023,東京海上日動火災保険株式会社,2,1,demo-meiji-career
meiji,meiji-04,2023,国家公務員,2,1,demo-meiji-career
meiji,meiji-04,2023,三菱UFJ銀行,1,1,demo-meiji-career
meiji,meiji-04,2023,株式会社三井住友銀行,1,1,demo-meiji-career
meiji,meiji-04,2023,アクセンチュア株式会社,1,1,demo-meiji-career
meiji,meiji-04,2023,地元信用金庫,,1,demo-meiji-career
meiji,meiji-04,2024,ソニーグループ株式会社,25,1,demo-meiji-career
meiji,meiji-04,2024,花王株式会社,25,1,demo-meiji-career
meiji,meiji-04,2024,株式会社日立製作所,20,1,demo-meiji-career
meiji,meiji-04,2024,富士通株式会社,18,1,demo-meiji-career
meiji,meiji-04,2024,楽天グループ株式会社,17,1,demo-meiji-career
meiji,meiji-04,2024,NTTデータ,16,1,demo-meiji-career
meiji,meiji-04,2024,パナソニック株式会社,15,1,demo-meiji-career
meiji,meiji-04,2024,トヨタ自動車株式会社,14,1,demo-meiji-career
meiji,meiji-04,2024,株式会社サイバーエージェント,12,1,demo-meiji-career
meiji,meiji-04,2024,ソフトバンク株式会社,10,1,demo-meiji-career
meiji,meiji-04,2024,日本電気株式会社,7,1,demo-meiji-career
meiji,meiji-04,2024,ニトリ,3,1,demo-meiji-career
meiji,meiji-04,2024,地方公務員,2,1,demo-meiji-career
meiji,meiji-04,2024,アクセンチュア株式会社,2,1,demo-meiji-career
meiji,meiji-04,2024,三菱ＵＦＪ銀行,2,1,demo-meiji-career
meiji,meiji-04,2024,株式会社三井住友銀行,2,1,demo-meiji-career
meiji,meiji-04,2024,ファーストリテイリング,1,1,demo-meiji-career
meiji,meiji-04,2024,野村證券株式会社,1,1,demo-meiji-career
aoyama,aoyama-01,2023,三菱ＵＦＪ銀行,30,1,demo-aoyama-career
aoyama,aoyama-01,2023,東京海上日動火災保険株式会社,27,1,demo-aoyama-career
aoyama,aoyama-01,2023,株式会社みずほフィナンシャルグループ,21,1,demo-aoyama-career
aoyama,aoyama-01,2023,花王株式会社,19,1,demo-aoyama-career
aoyama,aoyama-01,2023,株式会社三井住友銀行,18,1,demo-aoyama-career
aoyama,aoyama-01,2023,ソニーグループ株式会社,18,1,demo-aoyama-career
aoyama,aoyama-01,2023,ソフトバンク株式会社,17,1,demo-aoyama-career
aoyama,aoyama-01,2023,野村證券株式会社,16,1,demo-aoyama-career
aoyama,aoyama-01,2023,ファーストリテイリング,14,1,demo-aoyama-career
aoyama,aoyama-01,2023,エヌ・ティ・ティ・データ,13,1,demo-aoyama-career
aoyama,aoyama-01,2023,アクセンチュア株式会社,12,1,demo-aoyama-career
aoyama,aoyama-01,2023,(株)ニトリ,11,1,demo-aoyama-career
aoyama,aoyama-01,2023,株式会社サイバーエージェント,11,1,demo-aoyama-career
aoyama,aoyama-01,2023,楽天グループ株式会社,10,1,demo-aoyama-career
aoyama,aoyama-01,2023,パナソニック株式会社,10,1,demo-aoyama-career
aoyama,aoyama-01,2023,日本電気株式会社,9,1,demo-aoyama-career
aoyama,aoyama-01,2023,イオンリテール株式会社,9,1,demo-aoyama-career
aoyama,aoyama-01,2023,株式会社日立製作所,9,1,demo-aoyama-career
aoyama,aoyama-01,2024,野村證券株式会社,26,1,demo-aoyama-career
aoyama,aoyama-01,2024,NTTデータ,24,1,demo-aoyama-career
aoyama,aoyama-01,2024,三菱ＵＦＪ銀行,22,1,demo-aoyama-career
aoyama,aoyama-01,2024,花王株式会社,21,1,demo-aoyama-career
aoyama,aoyama-01,2024,富士通株式会社,20,1,demo-aoyama-career
aoyama,aoyama-01,2024,パナソニック株式会社,19,1,demo-aoyama-career
aoyama,aoyama-01,2024,株式会社みずほフィナンシャルグループ,19,1,demo-aoyama-career
aoyama,aoyama-01,2024,楽天グループ株式会社,18,1,demo-aoyama-career
aoyama,aoyama-01,2024,ソニーグループ株式会社,17,1,demo-aoyama-career
aoyama,aoyama-01,2024,東京海上日動火災保険株式会社,16,1,demo-aoyama-career
aoyama,aoyama-01,2024,ニトリ,14,1,demo-aoyama-career
aoyama,aoyama-01,2024,ファーストリテイリング,14,1,demo-aoyama-career
aoyama,aoyama-01,2024,株式会社三井住友銀行,14,1,demo-aoyama-career
aoyama,aoyama-01,2024,株式会社サイバーエージェント,13,1,demo-aoyama-career
aoyama,aoyama-01,2024,株式会社良品計画,12,1,demo-aoyama-career
aoyama,aoyama-01,2024,日本電気株式会社,12,1,demo-aoyama-career
aoyama,aoyama-01,2024,ソフトバンク株式会社,11,1,demo-aoyama-career
aoyama,aoyama-01,2024,株式会社セブン‐イレブン・ジャパン,11,1,demo-aoyama-career
aoyama,aoyama-01,2024,(株)ｱｲﾘｽｵｰﾔﾏ,,1,demo-aoyama-career
aoyama,aoyama-02,2023,ニトリグループ,16,1,demo-aoyama-career
aoyama,aoyama-02,2023,ソニーグループ株式会社,15,1,demo-aoyama-career
aoyama,aoyama-02,2023,トヨタ自動車株式会社,15,1,demo-aoyama-career
aoyama,aoyama-02,2023,東京海上日動火災保険株式会社,14,1,demo-aoyama-career
aoyama,aoyama-02,2023,三菱ＵＦＪ銀行,13,1,demo-aoyama-career
aoyama,aoyama-02,2023,エヌ・ティ・ティ・データ,13,1,demo-aoyama-career
aoyama,aoyama-02,2023,株式会社三井住友銀行,13,1,demo-aoyama-career
aoyama,aoyama-02,2023,株式会社みずほフィナンシャルグループ,12,1,demo-aoyama-career
aoyama,aoyama-02,2023,日本航空株式会社,11,1,demo-aoyama-career
aoyama,aoyama-02,2023,パナソニック株式会社,10,1,demo-aoyama-career
aoyama,aoyama-02,2023,日本電気株式会社,10,1,demo-aoyama-career
aoyama,aoyama-02,2023,ファーストリテイリング,10,1,demo-aoyama-career
aoyama,aoyama-02,2023,イオンリテール株式会社,9,1,demo-aoyama-career
aoyama,aoyama-02,2023,ソフトバンク株式会社,9,1,demo-aoyama-career
aoyama,aoyama-02,2023,株式会社日立製作所,8,1,demo-aoyama-career
aoyama,aoyama-02,2023,株式会社良品計画,8,1,demo-aoyama-career
aoyama,aoyama-02,2023,富士通株式会社,8,1,demo-aoyama-career
aoyama,aoyama-02,2023,全日本空輸株式会社,7,1,demo-aoyama-career
aoyama,aoyama-02,2024,富士通株式会社,17,1,demo-aoyama-career
aoyama,aoyama-02,2024,ソニーグループ株式会社,17,1,demo-aoyama-career
aoyama,aoyama-02,2024,株式会社ニトリ,16,1,demo-aoyama-career
aoyama,aoyama-02,2024,全日本空輸株式会社,16,1,demo-aoyama-career
aoyama,aoyama-02,2024,野村證券株式会社,15,1,demo-aoyama-career
aoyama,aoyama-02,2024,株式会社日立製作所,15,1,demo-aoyama-career
aoyama,aoyama-02,2024,パナソニック株式会社,14,1,demo-aoyama-career
aoyama,aoyama-02,2024,トヨタ自動車株式会社,14,1,demo-aoyama-career
aoyama,aoyama-02,2024,楽天グループ株式会社,13,1,demo-aoyama-career
aoyama,aoyama-02,2024,NTTデータ,12,1,demo-aoyama-career
aoyama,aoyama-02,2024,三菱ＵＦＪ銀行,12,1,demo-aoyama-career
aoyama,aoyama-02,2024,花王株式会社,11,1,demo-aoyama-career
aoyama,aoyama-02,2024,ソフトバンク株式会社,11,1,demo-aoyama-career
aoyama,aoyama-02,2024,株式会社三井住友銀行,10,1,demo-aoyama-career
aoyama,aoyama-02,2024,株式会社サイバーエージェント,8,1,demo-aoyama-career
aoyama,aoyama-02,2024,アクセンチュア株式会社,8,1,demo-aoyama-career
aoyama,aoyama-02,2024,イオンリテール株式会社,7,1,demo-aoyama-career
aoyama,aoyama-02,2024,日本電気株式会社,7,1,demo-aoyama-career
aoyama,aoyama-03,2023,花王株式会社,28,1,demo-aoyama-career
aoyama,aoyama-03,2023,株式会社日立製作所,26,1,demo-aoyama-career
aoyama,aoyama-03,2023,日本電気株式会社,26,1,demo-aoyama-career
aoyama,aoyama-03,2023,ソニーグループ株式会社,23,1,demo-aoyama-career
aoyama,aoyama-03,2023,パナソニック株式会社,21,1,demo-aoyama-career
aoyama,aoyama-03,2023,富士通株式会社,20,1,demo-aoyama-career
aoyama,aoyama-03,2023,株式会社サイバーエージェント,18,1,demo-aoyama-career
aoyama,aoyama-03,2023,トヨタ自動車株式会社,17,1,demo-aoyama-career
aoyama,aoyama-03,2023,ソフトバンク株式会社,15,1,demo-aoyama-career
aoyama,aoyama-03,2023,NTTデータ,13,1,demo-aoyama-career
aoyama,aoyama-03,2023,楽天グループ株式会社,13,1,demo-aoyama-career
aoyama,aoyama-03,2023,大和ハウス工業株式会社,4,1,demo-aoyama-career
aoyama,aoyama-03,2023,三菱ＵＦＪ銀行,3,1,demo-aoyama-career
aoyama,aoyama-03,2023,(株)ニトリ,3,1,demo-aoyama-career
aoyama,aoyama-03,2023,株式会社三井住友銀行,3,1,demo-aoyama-career
aoyama,aoyama-03,2023,アクセンチュア株式会社,2,1,demo-aoyama-career
aoyama,aoyama-03,2023,東京海上日動火災保険株式会社,2,1,demo-aoyama-career
aoyama,aoyama-03,2023,国家公務員,2,1,demo-aoyama-career
aoyama,aoyama-03,2023,地元信用金庫,,1,demo-aoyama-career
aoyama,aoyama-03,2024,ソニーグループ株式会社,44,1,demo-aoyama-career
aoyama,aoyama-03,2024,花王株式会社,44,1,demo-aoyama-career
aoyama,aoyama-03,2024,株式会社日立製作所,38,1,demo-aoyama-career
aoyama,aoyama-03,2024,ソフトバンク株式会社,30,1,demo-aoyama-career
aoyama,aoyama-03,2024,楽天グループ株式会社,28,1,demo-aoyama-career
aoyama,aoyama-03,2024,エヌ・ティ・ティ・データ,26,1,demo-aoyama-career
aoyama,aoyama-03,2024,日本電気株式会社,24,1,demo-aoyama-career
aoyama,aoyama-03,2024,トヨタ自動車株式会社,23,1,demo-aoyama-career
aoyama,aoyama-03,2024,富士通株式会社,19,1,demo-aoyama-career
aoyama,aoyama-03,2024,株式会社サイバーエージェント,17,1,demo-aoyama-career
aoyama,aoyama-03,2024,パナソニック株式会社,17,1,demo-aoyama-career
aoyama,aoyama-03,2024,アクセンチュア株式会社,6,1,demo-aoyama-career
aoyama,aoyama-03,2024,ニトリグループ,5,1,demo-aoyama-career
aoyama,aoyama-03,2024,大和ハウス工業株式会社,5,1,demo-aoyama-career
aoyama,aoyama-03,2024,ユニクロ,3,1,demo-aoyama-career
aoyama,aoyama-03,2024,株式会社みずほフィナンシャルグループ,3,1,demo-aoyama-career
aoyama,aoyama-03,2024,株式会社三井住友銀行,2,1,demo-aoyama-career
aoyama,aoyama-03,2024,地方公務員,2,1,demo-aoyama-career
aoyama,aoyama-03,2024,地元信用金庫,,1,demo-aoyama-career
rikkyo,rikkyo-01,2023,三菱UFJ銀行,32,1,demo-rikkyo-career
rikkyo,rikkyo-01,2023,株式会社みずほフィナンシャルグループ,28,1,demo-rikkyo-career
rikkyo,rikkyo-01,2023,野村證券株式会社,25,1,demo-rikkyo-career
rikkyo,rikkyo-01,2023,東京海上日動火災保険株式会社,23,1,demo-rikkyo-career
rikkyo,rikkyo-01,2023,株式会社三井住友銀行,21,1,demo-rikkyo-career
rikkyo,rikkyo-01,2023,NTTデータ,16,1,demo-rikkyo-career
rikkyo,rikkyo-01,2023,富士通株式会社,15,1,demo-rikkyo-career
rikkyo,rikkyo-01,2023,花王株式会社,14,1,demo-rikkyo-career
rikkyo,rikkyo-01,2023,パナソニック株式会社,13,1,demo-rikkyo-career
rikkyo,rikkyo-01,2023,株式会社日立製作所,12,1,demo-rikkyo-career
rikkyo,rikkyo-01,2023,ソニーグループ株式会社,11,1,demo-rikkyo-career
rikkyo,rikkyo-01,2023,トヨタ自動車株式会社,10,1,demo-rikkyo-career
rikkyo,rikkyo-01,2023,株式会社良品計画,9,1,demo-rikkyo-career
rikkyo,rikkyo-01,2023,株式会社サイバーエージェント,9,1,demo-rikkyo-career
rikkyo,rikkyo-01,2023,楽天グループ株式会社,9,1,demo-rikkyo-career
rikkyo,rikkyo-01,2023,イオンリテール株式会社,9,1,demo-rikkyo-career
rikkyo,rikkyo-01,2023,ファーストリテイリング,8,1,demo-rikkyo-career
rikkyo,rikkyo-01,2023,日本電気株式会社,7,1,demo-rikkyo-career
rikkyo,rikkyo-01,2024,株式会社みずほフィナンシャルグループ,26,1,demo-rikkyo-career
rikkyo,rikkyo-01,2024,東京海上日動火災保険株式会社,25,1,demo-rikkyo-career
rikkyo,rikkyo-01,2024,株式会社三井住友銀行,20,1,demo-rikkyo-career
rikkyo,rikkyo-01,2024,花王株式会社,17,1,demo-rikkyo-career
rikkyo,rikkyo-01,2024,株式会社日立製作所,15,1,demo-rikkyo-career
rikkyo,rikkyo-01,2024,三菱ＵＦＪ銀行,15,1,demo-rikkyo-career
rikkyo,rikkyo-01,2024,楽天グループ株式会社,14,1,demo-rikkyo-career
rikkyo,rikkyo-01,2024,ソフトバンク株式会社,13,1,demo-rikkyo-career
rikkyo,rikkyo-01,2024,株式会社サイバーエージェント,12,1,demo-rikkyo-career
rikkyo,rikkyo-01,2024,野村證券株式会社,11,1,demo-rikkyo-career
rikkyo,rikkyo-01,2024,NTTデータ,10,1,demo-rikkyo-career
rikkyo,rikkyo-01,2024,ソニーグループ株式会社,9,1,demo-rikkyo-career
rikkyo,rikkyo-01,2024,日本電気株式会社,9,1,demo-rikkyo-career
rikkyo,rikkyo-01,2024,トヨタ自動車株式会社,8,1,demo-rikkyo-career
rikkyo,rikkyo-01,2024,株式会社良品計画,8,1,demo-rikkyo-career
rikkyo,rikkyo-01,2024,アクセンチュア株式会社,8,1,demo-rikkyo-career
rikkyo,rikkyo-01,2024,富士通株式会社,7,1,demo-rikkyo-career
rikkyo,rikkyo-01,2024,パナソニック株式会社,7,1,demo-rikkyo-career
rikkyo,rikkyo-01,2024,地元信用金庫,,1,demo-rikkyo-career
rikkyo,rikkyo-02,2023,ニトリグループ,22,1,demo-rikkyo-career
rikkyo,rikkyo-02,2023,NTTデータ,20,1,demo-rikkyo-career
rikkyo,rikkyo-02,2023,ソフトバンク株式会社,19,1,demo-rikkyo-career
rikkyo,rikkyo-02,2023,株式会社三井住友銀行,18,1,demo-rikkyo-career
rikkyo,rikkyo-02,2023,ユニクロ,14,1,demo-rikkyo-career
rikkyo,rikkyo-02,2023,東京海上日動火災保険株式会社,13,1,demo-rikkyo-career
rikkyo,rikkyo-02,2023,日本電気株式会社,13,1,demo-rikkyo-career
rikkyo,rikkyo-02,2023,三菱UFJ銀行,13,1,demo-rikkyo-career
rikkyo,rikkyo-02,2023,野村證券株式会社,12,1,demo-rikkyo-career
rikkyo,rikkyo-02,2023,富士通株式会社,12,1,demo-rikkyo-career
rikkyo,rikkyo-02,2023,株式会社サイバーエージェント,12,1,demo-rikkyo-career
rikkyo,rikkyo-02,2023,株式会社みずほフィナンシャルグループ,12,1,demo-rikkyo-career
rikkyo,rikkyo-02,2023,楽天グループ株式会社,11,1,demo-rikkyo-career
rikkyo,rikkyo-02,2023,株式会社リクルート,10,1,demo-rikkyo-career
rikkyo,rikkyo-02,2023,株式会社良品計画,9,1,demo-rikkyo-career
rikkyo,rikkyo-02,2023,イオンリテール株式会社,9,1,demo-rikkyo-career
rikkyo,rikkyo-02,2023,ソニーグループ株式会社,9,1,demo-rikkyo-career
rikkyo,rikkyo-02,2023,株式会社日立製作所,8,1,demo-rikkyo-career
rikkyo,rikkyo-02,2023,(株)ｱｲﾘｽｵｰﾔﾏ,,1,demo-rikkyo-career
rikkyo,rikkyo-02,2024,ニトリ,23,1,demo-rikkyo-career
rikkyo,rikkyo-02,2024,富士通株式会社,19,1,demo-rikkyo-career
rikkyo,rikkyo-02,2024,株式会社サイバーエージェント,18,1,demo-rikkyo-career
rikkyo,rikkyo-02,2024,野村證券株式会社,16,1,demo-rikkyo-career
rikkyo,rikkyo-02,2024,東京海上日動火災保険株式会社,16,1,demo-rikkyo-career
rikkyo,rikkyo-02,2024,日本電気株式会社,16,1,demo-rikkyo-career
rikkyo,rikkyo-02,2024,株式会社リクルート,14,1,demo-rikkyo-career
rikkyo,rikkyo-02,2024,国家公務員,13,1,demo-rikkyo-career
rikkyo,rikkyo-02,2024,エヌ・ティ・ティ・データ,12,1,demo-rikkyo-career
rikkyo,rikkyo-02,2024,イオンリテール株式会社,12,1,demo-rikkyo-career
rikkyo,rikkyo-02,2024,ソニーグループ株式会社,12,1,demo-rikkyo-career
rikkyo,rikkyo-02,2024,株式会社みずほフィナンシャルグループ,11,1,demo-rikkyo-career
rikkyo,rikkyo-02,2024,三菱ＵＦＪ銀行,11,1,demo-rikkyo-career
rikkyo,rikkyo-02,2024,楽天グループ株式会社,10,1,demo-rikkyo-career
rikkyo,rikkyo-02,2024,ユニクロ,9,1,demo-rikkyo-career
rikkyo,rikkyo-02,2024,株式会社三井住友銀行,9,1,demo-rikkyo-career
rikkyo,rikkyo-02,2024,ソフトバンク株式会社,9,1,demo-rikkyo-career
rikkyo,rikkyo-02,2024,トヨタ自動車株式会社,7,1,demo-rikkyo-career
rikkyo,rikkyo-03,2023,エヌ・ティ・ティ・データ,16,1,demo-rikkyo-career
rikkyo,rikkyo-03,2023,三菱ＵＦＪ銀行,16,1,demo-rikkyo-career
rikkyo,rikkyo-03,2023,東京海上日動火災保険株式会社,15,1,demo-rikkyo-career
rikkyo,rikkyo-03,2023,野村證券株式会社,12,1,demo-rikkyo-career
rikkyo,rikkyo-03,2023,パナソニック株式会社,12,1,demo-rikkyo-career
rikkyo,rikkyo-03,2023,全日本空輸株式会社,12,1,demo-rikkyo-career
rikkyo,rikkyo-03,2023,株式会社みずほフィナンシャルグループ,11,1,demo-rikkyo-career
rikkyo,rikkyo-03,2023,花王株式会社,11,1,demo-rikkyo-career
rikkyo,rikkyo-03,2023,ファーストリテイリング,11,1,demo-rikkyo-career
rikkyo,rikkyo-03,2023,富士通株式会社,10,1,demo-rikkyo-career
rikkyo,rikkyo-03,2023,日本電気株式会社,10,1,demo-rikkyo-career
rikkyo,rikkyo-03,2023,トヨタ自動車株式会社,10,1,demo-rikkyo-career
rikkyo,rikkyo-03,2023,ソフトバンク株式会社,9,1,demo-rikkyo-career
rikkyo,rikkyo-03,2023,ソニーグループ株式会社,8,1,demo-rikkyo-career
rikkyo,rikkyo-03,2023,株式会社サイバーエージェント,8,1,demo-rikkyo-career
rikkyo,rikkyo-03,2023,株式会社良品計画,8,1,demo-rikkyo-career
rikkyo,rikkyo-03,2023,アクセンチュア株式会社,7,1,demo-rikkyo-career
rikkyo,rikkyo-03,2023,株式会社JTB,7,1,demo-rikkyo-career
rikkyo,rikkyo-03,2024,東京海上日動火災保険株式会社,15,1,demo-rikkyo-career
rikkyo,rikkyo-03,2024,富士通株式会社,14,1,demo-rikkyo-career
rikkyo,rikkyo-03,2024,花王株式会社,14,1,demo-rikkyo-career
rikkyo,rikkyo-03,2024,全日本空輸株式会社,13,1,demo-rikkyo-career
rikkyo,rikkyo-03,2024,三菱ＵＦＪ銀行,12,1,demo-rikkyo-career
rikkyo,rikkyo-03,2024,ソフトバンク株式会社,11,1,demo-rikkyo-career
rikkyo,rikkyo-03,2024,野村證券株式会社,11,1,demo-rikkyo-career
rikkyo,rikkyo-03,2024,株式会社日立製作所,11,1,demo-rikkyo-career
rikkyo,rikkyo-03,2024,日本航空株式会社,10,1,demo-rikkyo-career
rikkyo,rikkyo-03,2024,日本電気株式会社,9,1,demo-rikkyo-career
rikkyo,rikkyo-03,2024,楽天グループ株式会社,9,1,demo-rikkyo-career
rikkyo,rikkyo-03,2024,ソニーグループ株式会社,8,1,demo-rikkyo-career
rikkyo,rikkyo-03,2024,パナソニック株式会社,8,1,demo-rikkyo-career
rikkyo,rikkyo-03,2024,株式会社三井住友銀行,7,1,demo-rikkyo-career
rikkyo,rikkyo-03,2024,イオンリテール株式会社,7,1,demo-rikkyo-career
rikkyo,rikkyo-03,2024,トヨタ自動車株式会社,6,1,demo-rikkyo-career
rikkyo,rikkyo-03,2024,株式会社セブン‐イレブン・ジャパン,6,1,demo-rikkyo-career
rikkyo,rikkyo-03,2024,株式会社サイバーエージェント,6,1,demo-rikkyo-career
rikkyo,rikkyo-03,2024,(株)ｱｲﾘｽｵｰﾔﾏ,,1,demo-rikkyo-career
chuo,chuo-01,2023,野村證券株式会社,17,1,demo-chuo-career
chuo,chuo-01,2023,東京海上日動火災保険株式会社,14,1,demo-chuo-career
chuo,chuo-01,2023,三菱ＵＦＪ銀行,12,1,demo-chuo-career
chuo,chuo-01,2023,株式会社三井住友銀行,11,1,demo-chuo-career
chuo,chuo-01,2023,ソフトバンク株式会社,11,1,demo-chuo-career
chuo,chuo-01,2023,花王株式会社,10,1,demo-chuo-career
chuo,chuo-01,2023,株式会社日立製作所,10,1,demo-chuo-career
chuo,chuo-01,2023,楽天グループ株式会社,9,1,demo-chuo-career
chuo,chuo-01,2023,ファーストリテイリング,8,1,demo-chuo-career
chuo,chuo-01,2023,ソニーグループ株式会社,8,1,demo-chuo-career
chuo,chuo-01,2023,富士通株式会社,7,1,demo-chuo-career
chuo,chuo-01,2023,エヌ・ティ・ティ・データ,7,1,demo-chuo-career
chuo,chuo-01,2023,株式会社みずほフィナンシャルグループ,7,1,demo-chuo-career
chuo,chuo-01,2023,日本電気株式会社,6,1,demo-chuo-career
chuo,chuo-01,2023,イオンリテール株式会社,5,1,demo-chuo-career
chuo,chuo-01,2023,株式会社良品計画,5,1,demo-chuo-career
chuo,chuo-01,2023,株式会社サイバーエージェント,5,1,demo-chuo-career
chuo,chuo-01,2023,パナソニック株式会社,5,1,demo-chuo-career
chuo,chuo-01,2024,東京海上日動火災保険株式会社,20,1,demo-chuo-career
chuo,chuo-01,2024,三菱ＵＦＪ銀行,15,1,demo-chuo-career
chuo,chuo-01,2024,NTTデータ,14,1,demo-chuo-career
chuo,chuo-01,2024,株式会社三井住友銀行,13,1,demo-chuo-career
chuo,chuo-01,2024,株式会社日立製作所,12,1,demo-chuo-career
chuo,chuo-01,2024,株式会社サイバーエージェント,11,1,demo-chuo-career
chuo,chuo-01,2024,パナソニック株式会社,10,1,demo-chuo-career
chuo,chuo-01,2024,トヨタ自動車株式会社,9,1,demo-chuo-career
chuo,chuo-01,2024,ソニーグループ株式会社,8,1,demo-chuo-career
chuo,chuo-01,2024,株式会社みずほフィナンシャルグループ,8,1,demo-chuo-career
chuo,chuo-01,2024,アクセンチュア株式会社,8,1,demo-chuo-career
chuo,chuo-01,2024,ニトリグループ,8,1,demo-chuo-career
chuo,chuo-01,2024,日本電気株式会社,8,1,demo-chuo-career
chuo,chuo-01,2024,イオンリテール株式会社,7,1,demo-chuo-career
chuo,chuo-01,2024,野村證券株式会社,7,1,demo-chuo-career
chuo,chuo-01,2024,株式会社セブン‐イレブン・ジャパン,6,1,demo-chuo-career
chuo,chuo-01,2024,楽天グループ株式会社,6,1,demo-chuo-career
chuo,chuo-01,2024,富士通株式会社,6,1,demo-chuo-career
chuo,chuo-02,2023,国家公務員,28,1,demo-chuo-career
chuo,chuo-02,2023,野村證券株式会社,24,1,demo-chuo-career
chuo,chuo-02,2023,株式会社三井住友銀行,23,1,demo-chuo-career
chuo,chuo-02,2023,三菱ＵＦＪ銀行,23,1,demo-chuo-career
chuo,chuo-02,2023,株式会社みずほフィナンシャルグループ,19,1,demo-chuo-career
chuo,chuo-02,2023,エヌ・ティ・ティ・データ,19,1,demo-chuo-career
chuo,chuo-02,2023,楽天グループ株式会社,15,1,demo-chuo-career
chuo,chuo-02,2023,富士通株式会社,14,1,demo-chuo-career
chuo,chuo-02,2023,花王株式会社,14,1,demo-chuo-career
chuo,chuo-02,2023,株式会社日立製作所,14,1,demo-chuo-career
chuo,chuo-02,2023,東京海上日動火災保険株式会社,13,1,demo-chuo-career
chuo,chuo-02,2023,ソニーグループ株式会社,11,1,demo-chuo-career
chuo,chuo-02,2023,日本電気株式会社,11,1,demo-chuo-career
chuo,chuo-02,2023,ソフトバンク株式会社,9,1,demo-chuo-career
chuo,chuo-02,2023,トヨタ自動車株式会社,9,1,demo-chuo-career
chuo,chuo-02,2023,ユニクロ,9,1,demo-chuo-career
chuo,chuo-02,2023,アクセンチュア株式会社,6,1,demo-chuo-career
chuo,chuo-02,2023,イオンリテール株式会社,6,1,demo-chuo-career
chuo,chuo-02,2024,国家公務員,28,1,demo-chuo-career
chuo,chuo-02,2024,東京海上日動火災保険株式会社,27,1,demo-chuo-career
chuo,chuo-02,2024,三菱ＵＦＪ銀行,25,1,demo-chuo-career
chuo,chuo-02,2024,株式会社みずほフィナンシャルグループ,22,1,demo-chuo-career
chuo,chuo-02,2024,株式会社三井住友銀行,21,1,demo-chuo-career
chuo,chuo-02,2024,エヌ・ティ・ティ・データ,16,1,demo-chuo-career
chuo,chuo-02,2024,株式会社サイバーエージェント,16,1,demo-chuo-career
chuo,chuo-02,2024,野村證券株式会社,16,1,demo-chuo-career
chuo,chuo-02,2024,日本電気株式会社,15,1,demo-chuo-career
chuo,chuo-02,2024,楽天グループ株式会社,15,1,demo-chuo-career
chuo,chuo-02,2024,ソニーグループ株式会社,14,1,demo-chuo-career
chuo,chuo-02,2024,ソフトバンク株式会社,14,1,demo-chuo-career
chuo,chuo-02,2024,株式会社日立製作所,14,1,demo-chuo-career
chuo,chuo-02,2024,花王株式会社,10,1,demo-chuo-career
chuo,chuo-02,2024,アクセンチュア株式会社,8,1,demo-chuo-career
chuo,chuo-02,2024,富士通株式会社,8,1,demo-chuo-career
chuo,chuo-02,2024,トヨタ自動車株式会社,7,1,demo-chuo-career
chuo,chuo-02,2024,ファーストリテイリング,7,1,demo-chuo-career
chuo,chuo-02,2024,地元信用金庫,,1,demo-chuo-career
chuo,chuo-03,2023,ソフトバンク株式会社,36,1,demo-chuo-career
chuo,chuo-03,2023,日本電気株式会社,32,1,demo-chuo-career
chuo,chuo-03,2023,NTTデータ,26,1,demo-chuo-career
chuo,chuo-03,2023,富士通株式会社,23,1,demo-chuo-career
chuo,chuo-03,2023,楽天グループ株式会社,21,1,demo-chuo-career
chuo,chuo-03,2023,株式会社サイバーエージェント,20,1,demo-chuo-career
chuo,chuo-03,2023,トヨタ自動車株式会社,17,1,demo-chuo-career
chuo,chuo-03,2023,ソニーグループ株式会社,13,1,demo-chuo-career
chuo,chuo-03,2023,アクセンチュア株式会社,11,1,demo-chuo-career
chuo,chuo-03,2023,パナソニック株式会社,10,1,demo-chuo-career
chuo,chuo-03,2023,ニトリグループ,8,1,demo-chuo-career
chuo,chuo-03,2023,花王株式会社,7,1,demo-chuo-career
chuo,chuo-03,2023,株式会社リクルート,7,1,demo-chuo-career
chuo,chuo-03,2023,株式会社みずほフィナンシャルグループ,6,1,demo-chuo-career
chuo,chuo-03,2023,三菱ＵＦＪ銀行,6,1,demo-chuo-career
chuo,chuo-03,2023,株式会社日立製作所,5,1,demo-chuo-career
chuo,chuo-03,2023,イオンリテール株式会社,5,1,demo-chuo-career
chuo,chuo-03,2023,野村證券株式会社,5,1,demo-chuo-career
chuo,chuo-03,2024,ソフトバンク株式会社,42,1,demo-chuo-career
chuo,chuo-03,2024,株式会社サイバーエージェント,38,1,demo-chuo-career
chuo,chuo-03,2024,楽天グループ株式会社,37,1,demo-chuo-career
chuo,chuo-03,2024,日本電気株式会社,35,1,demo-chuo-career
chuo,chuo-03,2024,富士通株式会社,27,1,demo-chuo-career
chuo,chuo-03,2024,エヌ・ティ・ティ・データ,22,1,demo-chuo-career
chuo,chuo-03,2024,アクセンチュア株式会社,14,1,demo-chuo-career
chuo,chuo-03,2024,パナソニック株式会社,12,1,demo-chuo-career
chuo,chuo-03,2024,花王株式会社,8,1,demo-chuo-career
chuo,chuo-03,2024,トヨタ自動車株式会社,7,1,demo-chuo-career
chuo,chuo-03,2024,株式会社日立製作所,6,1,demo-chuo-career
chuo,chuo-03,2024,株式会社リクルート,6,1,demo-chuo-career
chuo,chuo-03,2024,野村證券株式会社,6,1,demo-chuo-career
chuo,chuo-03,2024,ソニーグループ株式会社,5,1,demo-chuo-career
chuo,chuo-03,2024,東京海上日動火災保険株式会社,5,1,demo-chuo-career
chuo,chuo-03,2024,ニトリグループ,5,1,demo-chuo-career
chuo,chuo-03,2024,三菱ＵＦＪ銀行,5,1,demo-chuo-career
chuo,chuo-03,2024,イオンリテール株式会社,5,1,demo-chuo-career
chuo,chuo-04,2023,ソニーグループ株式会社,47,1,demo-chuo-career
chuo,chuo-04,2023,株式会社日立製作所,36,1,demo-chuo-career
chuo,chuo-04,2023,パナソニック株式会社,31,1,demo-chuo-career
chuo,chuo-04,2023,エヌ・ティ・ティ・データ,29,1,demo-chuo-career
chuo,chuo-04,2023,花王株式会社,25,1,demo-chuo-career
chuo,chuo-04,2023,トヨタ自動車株式会社,23,1,demo-chuo-career
chuo,chuo-04,2023,ソフトバンク株式会社,23,1,demo-chuo-career
chuo,chuo-04,2023,楽天グループ株式会社,16,1,demo-chuo-career
chuo,chuo-04,2023,富士通株式会社,16,1,demo-chuo-career
chuo,chuo-04,2023,株式会社サイバーエージェント,16,1,demo-chuo-career
chuo,chuo-04,2023,日本電気株式会社,14,1,demo-chuo-career
chuo,chuo-04,2023,アクセンチュア株式会社,4,1,demo-chuo-career
chuo,chuo-04,2023,大和ハウス工業株式会社,3,1,demo-chuo-career
chuo,chuo-04,2023,株式会社三井住友銀行,3,1,demo-chuo-career
chuo,chuo-04,2023,株式会社みずほフィナンシャルグループ,3,1,demo-chuo-career
chuo,chuo-04,2023,地方公務員,3,1,demo-chuo-career
chuo,chuo-04,2023,野村證券株式会社,3,1,demo-chuo-career
chuo,chuo-04,2023,東京海上日動火災保険株式会社,3,1,demo-chuo-career
chuo,chuo-04,2024,株式会社日立製作所,45,1,demo-chuo-career
chuo,chuo-04,2024,NTTデータ,36,1,demo-chuo-career
chuo,chuo-04,2024,パナソニック株式会社,35,1,demo-chuo-career
chuo,chuo-04,2024,ソニーグループ株式会社,28,1,demo-chuo-career
chuo,chuo-04,2024,日本電気株式会社,28,1,demo-chuo-career
chuo,chuo-04,2024,トヨタ自動車株式会社,24,1,demo-chuo-career
chuo,chuo-04,2024,楽天グループ株式会社,20,1,demo-chuo-career
chuo,chuo-04,2024,株式会社サイバーエージェント,18,1,demo-chuo-career
chuo,chuo-04,2024,花王株式会社,17,1,demo-chuo-career
chuo,chuo-04,2024,富士通株式会社,17,1,demo-chuo-career
chuo,chuo-04,2024,ソフトバンク株式会社,12,1,demo-chuo-career
chuo,chuo-04,2024,アクセンチュア株式会社,4,1,demo-chuo-career
chuo,chuo-04,2024,株式会社みずほフィナンシャルグループ,3,1,demo-chuo-career
chuo,chuo-04,2024,三菱UFJ銀行,3,1,demo-chuo-career
chuo,chuo-04,2024,野村證券株式会社,2,1,demo-chuo-career
chuo,chuo-04,2024,ファーストリテイリング,2,1,demo-chuo-career
chuo,chuo-04,2024,株式会社三井住友銀行,2,1,demo-chuo-career
chuo,chuo-04,2024,東京海上日動火災保険株式会社,2,1,demo-chuo-career
chuo,chuo-04,2024,地元信用金庫,,1,demo-chuo-career
hosei,hosei-01,2023,三菱ＵＦＪ銀行,55,1,demo-hosei-career
hosei,hosei-01,2023,東京海上日動火災保険株式会社,49,1,demo-hosei-career
hosei,hosei-01,2023,株式会社三井住友銀行,44,1,demo-hosei-career
hosei,hosei-01,2023,野村證券株式会社,38,1,demo-hosei-career
hosei,hosei-01,2023,トヨタ自動車株式会社,31,1,demo-hosei-career
hosei,hosei-01,2023,株式会社みずほフィナンシャルグループ,31,1,demo-hosei-career
hosei,hosei-01,2023,ニトリグループ,24,1,demo-hosei-career
hosei,hosei-01,2023,株式会社サイバーエージェント,22,1,demo-hosei-career
hosei,hosei-01,2023,富士通株式会社,21,1,demo-hosei-career
hosei,hosei-01,2023,株式会社日立製作所,21,1,demo-hosei-career
hosei,hosei-01,2023,ソニーグループ株式会社,20,1,demo-hosei-career
hosei,hosei-01,2023,日本電気株式会社,17,1,demo-hosei-career
hosei,hosei-01,2023,ソフトバンク株式会社,17,1,demo-hosei-career
hosei,hosei-01,2023,パナソニック株式会社,17,1,demo-hosei-career
hosei,hosei-01,2023,NTTデータ,17,1,demo-hosei-career
hosei,hosei-01,2023,アクセンチュア株式会社,15,1,demo-hosei-career
hosei,hosei-01,2023,株式会社良品計画,12,1,demo-hosei-career
hosei,hosei-01,2023,ファーストリテイリング,12,1,demo-hosei-career
hosei,hosei-01,2023,(株)ｱｲﾘｽｵｰﾔﾏ,,1,demo-hosei-career
hosei,hosei-01,2024,野村證券株式会社,41,1,demo-hosei-career
hosei,hosei-01,2024,株式会社みずほフィナンシャルグループ,34,1,demo-hosei-career
hosei,hosei-01,2024,株式会社ニトリ,32,1,demo-hosei-career
hosei,hosei-01,2024,エヌ・ティ・ティ・データ,30,1,demo-hosei-career
hosei,hosei-01,2024,ソニーグループ株式会社,27,1,demo-hosei-career
hosei,hosei-01,2024,トヨタ自動車株式会社,26,1,demo-hosei-career
hosei,hosei-01,2024,三菱UFJ銀行,26,1,demo-hosei-career
hosei,hosei-01,2024,株式会社サイバーエージェント,26,1,demo-hosei-career
hosei,hosei-01,2024,株式会社三井住友銀行,21,1,demo-hosei-career
hosei,hosei-01,2024,東京海上日動火災保険株式会社,17,1,demo-hosei-career
hosei,hosei-01,2024,楽天グループ株式会社,17,1,demo-hosei-career
hosei,hosei-01,2024,ソフトバンク株式会社,15,1,demo-hosei-career
hosei,hosei-01,2024,株式会社良品計画,13,1,demo-hosei-career
hosei,hosei-01,2024,パナソニック株式会社,11,1,demo-hosei-career
hosei,hosei-01,2024,アクセンチュア株式会社,11,1,demo-hosei-career
hosei,hosei-01,2024,日本電気株式会社,10,1,demo-hosei-career
hosei,hosei-01,2024,花王株式会社,10,1,demo-hosei-career
hosei,hosei-01,2024,イオンリテール株式会社,10,1,demo-hosei-career
hosei,hosei-01,2024,地元信用金庫,,1,demo-hosei-career
hosei,hosei-02,2023,楽天グループ株式会社,32,1,demo-hosei-career
hosei,hosei-02,2023,富士通株式会社,29,1,demo-hosei-career
hosei,hosei-02,2023,東京海上日動火災保険株式会社,28,1,demo-hosei-career
hosei,hosei-02,2023,三菱UFJ銀行,27,1,demo-hosei-career
hosei,hosei-02,2023,株式会社三井住友銀行,26,1,demo-hosei-career
hosei,hosei-02,2023,エヌ・ティ・ティ・データ,25,1,demo-hosei-career
hosei,hosei-02,2023,株式会社サイバーエージェント,25,1,demo-hosei-career
hosei,hosei-02,2023,ソフトバンク株式会社,22,1,demo-hosei-career
hosei,hosei-02,2023,野村證券株式会社,22,1,demo-hosei-career
hosei,hosei-02,2023,ファーストリテイリング,22,1,demo-hosei-career
hosei,hosei-02,2023,地方公務員,21,1,demo-hosei-career
hosei,hosei-02,2023,トヨタ自動車株式会社,19,1,demo-hosei-career
hosei,hosei-02,2023,ソニーグループ株式会社,15,1,demo-hosei-career
hosei,hosei-02,2023,株式会社良品計画,15,1,demo-hosei-career
hosei,hosei-02,2023,株式会社みずほフィナンシャルグループ,15,1,demo-hosei-career
hosei,hosei-02,2023,日本電気株式会社,14,1,demo-hosei-career
hosei,hosei-02,2023,株式会社リクルート,14,1,demo-hosei-career
hosei,hosei-02,2023,株式会社セブン‐イレブン・ジャパン,13,1,demo-hosei-career
hosei,hosei-02,2023,(株)ｱｲﾘｽｵｰﾔﾏ,,1,demo-hosei-career
hosei,hosei-02,2024,楽天グループ株式会社,35,1,demo-hosei-career
hosei,hosei-02,2024,日本電気株式会社,25,1,demo-hosei-career
hosei,hosei-02,2024,株式会社三井住友銀行,20,1,demo-hosei-career
hosei,hosei-02,2024,ユニクロ,20,1,demo-hosei-career
hosei,hosei-02,2024,東京海上日動火災保険株式会社,19,1,demo-hosei-career
hosei,hosei-02,2024,株式会社サイバーエージェント,19,1,demo-hosei-career
hosei,hosei-02,2024,エヌ・ティ・ティ・データ,17,1,demo-hosei-career
hosei,hosei-02,2024,ソフトバンク株式会社,16,1,demo-hosei-career
hosei,hosei-02,2024,三菱ＵＦＪ銀行,16,1,demo-hosei-career
hosei,hosei-02,2024,国家公務員,15,1,demo-hosei-career
hosei,hosei-02,2024,富士通株式会社,13,1,demo-hosei-career
hosei,hosei-02,2024,トヨタ自動車株式会社,13,1,demo-hosei-career
hosei,hosei-02,2024,花王株式会社,12,1,demo-hosei-career
hosei,hosei-02,2024,株式会社良品計画,12,1,demo-hosei-career
hosei,hosei-02,2024,株式会社みずほフィナンシャルグループ,12,1,demo-hosei-career
hosei,hosei-02,2024,株式会社リクルート,12,1,demo-hosei-career
hosei,hosei-02,2024,パナソニック株式会社,11,1,demo-hosei-career
hosei,hosei-02,2024,野村證券株式会社,11,1,demo-hosei-career
hosei,hosei-02,2024,(株)ｱｲﾘｽｵｰﾔﾏ,,1,demo-hosei-career
hosei,hosei-03,2023,ソフトバンク株式会社,65,1,demo-hosei-career
hosei,hosei-03,2023,富士通株式会社,60,1,demo-hosei-career
hosei,hosei-03,2023,株式会社サイバーエージェント,60,1,demo-hosei-career
hosei,hosei-03,2023,日本電気株式会社,57,1,demo-hosei-career
hosei,hosei-03,2023,楽天グループ株式会社,31,1,demo-hosei-career
hosei,hosei-03,2023,エヌ・ティ・ティ・データ,28,1,demo-hosei-career
hosei,hosei-03,2023,ソニーグループ株式会社,24,1,demo-hosei-career
hosei,hosei-03,2023,アクセンチュア株式会社,21,1,demo-hosei-career
hosei,hosei-03,2023,花王株式会社,21,1,demo-hosei-career
hosei,hosei-03,2023,パナソニック株式会社,14,1,demo-hosei-career
hosei,hosei-03,2023,株式会社日立製作所,13,1,demo-hosei-career
hosei,hosei-03,2023,三菱ＵＦＪ銀行,9,1,demo-hosei-career
hosei,hosei-03,2023,トヨタ自動車株式会社,9,1,demo-hosei-career
hosei,hosei-03,2023,株式会社三井住友銀行,8,1,demo-hosei-career
hosei,hosei-03,2023,株式会社みずほフィナンシャルグループ,6,1,demo-hosei-career
hosei,hosei-03,2023,イオンリテール株式会社,6,1,demo-hosei-career
hosei,hosei-03,2023,東京海上日動火災保険株式会社,5,1,demo-hosei-career
hosei,hosei-03,2023,株式会社リクルート,5,1,demo-hosei-career
hosei,hosei-03,2024,富士通株式会社,68,1,demo-hosei-career
hosei,hosei-03,2024,株式会社サイバーエージェント,67,1,demo-hosei-career
hosei,hosei-03,2024,NTTデータ,50,1,demo-hosei-career
hosei,hosei-03,2024,日本電気株式会社,35,1,demo-hosei-career
hosei,hosei-03,2024,楽天グループ株式会社,26,1,demo-hosei-career
hosei,hosei-03,2024,ソフトバンク株式会社,24,1,demo-hosei-career
hosei,hosei-03,2024,株式会社日立製作所,23,1,demo-hosei-career
hosei,hosei-03,2024,アクセンチュア株式会社,23,1,demo-hosei-career
hosei,hosei-03,2024,トヨタ自動車株式会社,22,1,demo-hosei-career
hosei,hosei-03,2024,パナソニック株式会社,19,1,demo-hosei-career
hosei,hosei-03,2024,ソニーグループ株式会社,16,1,demo-hosei-career
hosei,hosei-03,2024,三菱UFJ銀行,12,1,demo-hosei-career
hosei,hosei-03,2024,花王株式会社,11,1,demo-hosei-career
hosei,hosei-03,2024,東京海上日動火災保険株式会社,11,1,demo-hosei-career
hosei,hosei-03,2024,株式会社リクルート,10,1,demo-hosei-career
hosei,hosei-03,2024,株式会社三井住友銀行,8,1,demo-hosei-career
hosei,hosei-03,2024,イオンリテール株式会社,7,1,demo-hosei-career
hosei,hosei-03,2024,ファーストリテイリング,6,1,demo-hosei-career
tsukuba,tsukuba-01,2024,三菱ＵＦＪ銀行,,1,demo-tsukuba-career
tsukuba,tsukuba-01,2024,ソニーグループ株式会社,,1,demo-tsukuba-career
tsukuba,tsukuba-01,2024,株式会社サイバーエージェント,,1,demo-tsukuba-career
tsukuba,tsukuba-01,2024,ニトリ,,1,demo-tsukuba-career
tsukuba,tsukuba-01,2024,楽天グループ株式会社,,1,demo-tsukuba-career
tsukuba,tsukuba-01,2024,富士通株式会社,,1,demo-tsukuba-career
tsukuba,tsukuba-01,2024,NTTデータ,,1,demo-tsukuba-career
tsukuba,tsukuba-01,2024,株式会社日立製作所,,1,demo-tsukuba-career
tsukuba,tsukuba-01,2024,株式会社JTB,,1,demo-tsukuba-career
tsukuba,tsukuba-01,2024,花王株式会社,,1,demo-tsukuba-career
tsukuba,tsukuba-02,2024,トヨタ自動車株式会社,,1,demo-tsukuba-career
tsukuba,tsukuba-02,2024,花王株式会社,,1,demo-tsukuba-career
tsukuba,tsukuba-02,2024,エヌ・ティ・ティ・データ,,1,demo-tsukuba-career
tsukuba,tsukuba-02,2024,ソニーグループ株式会社,,1,demo-tsukuba-career
tsukuba,tsukuba-02,2024,ソフトバンク株式会社,,1,demo-tsukuba-career
tsukuba,tsukuba-02,2024,株式会社日立製作所,,1,demo-tsukuba-career
tsukuba,tsukuba-02,2024,株式会社サイバーエージェント,,1,demo-tsukuba-career
tsukuba,tsukuba-02,2024,パナソニック株式会社,,1,demo-tsukuba-career
tsukuba,tsukuba-02,2024,楽天グループ株式会社,,1,demo-tsukuba-career
tsukuba,tsukuba-02,2024,富士通株式会社,,1,demo-tsukuba-career
tsukuba,tsukuba-03,2024,株式会社サイバーエージェント,,1,demo-tsukuba-career
tsukuba,tsukuba-03,2024,富士通株式会社,,1,demo-tsukuba-career
tsukuba,tsukuba-03,2024,日本電気株式会社,,1,demo-tsukuba-career
tsukuba,tsukuba-03,2024,ソフトバンク株式会社,,1,demo-tsukuba-career
tsukuba,tsukuba-03,2024,楽天グループ株式会社,,1,demo-tsukuba-career
tsukuba,tsukuba-03,2024,NTTデータ,,1,demo-tsukuba-career
tsukuba,tsukuba-03,2024,ソニーグループ株式会社,,1,demo-tsukuba-career
tsukuba,tsukuba-03,2024,花王株式会社,,1,demo-tsukuba-career
tsukuba,tsukuba-03,2024,アクセンチュア株式会社,,1,demo-tsukuba-career
tsukuba,tsukuba-03,2024,パナソニック株式会社,,1,demo-tsukuba-career
chiba,chiba-01,2024,株式会社三井住友銀行,,1,demo-chiba-career
chiba,chiba-01,2024,地方公務員,,1,demo-chiba-career
chiba,chiba-01,2024,三菱UFJ銀行,,1,demo-chiba-career
chiba,chiba-01,2024,株式会社みずほフィナンシャルグループ,,1,demo-chiba-career
chiba,chiba-01,2024,東京海上日動火災保険株式会社,,1,demo-chiba-career
chiba,chiba-01,2024,トヨタ自動車株式会社,,1,demo-chiba-career
chiba,chiba-01,2024,ソニーグループ株式会社,,1,demo-chiba-career
chiba,chiba-01,2024,野村證券株式会社,,1,demo-chiba-career
chiba,chiba-01,2024,NTTデータ,,1,demo-chiba-career
chiba,chiba-01,2024,花王株式会社,,1,demo-chiba-career
chiba,chiba-02,2024,ソニーグループ株式会社,,1,demo-chiba-career
chiba,chiba-02,2024,パナソニック株式会社,,1,demo-chiba-career
chiba,chiba-02,2024,日本電気株式会社,,1,demo-chiba-career
chiba,chiba-02,2024,ソフトバンク株式会社,,1,demo-chiba-career
chiba,chiba-02,2024,富士通株式会社,,1,demo-chiba-career
chiba,chiba-02,2024,楽天グループ株式会社,,1,demo-chiba-career
chiba,chiba-02,2024,トヨタ自動車株式会社,,1,demo-chiba-career
chiba,chiba-02,2024,株式会社日立製作所,,1,demo-chiba-career
chiba,chiba-02,2024,花王株式会社,,1,demo-chiba-career
chiba,chiba-02,2024,エヌ・ティ・ティ・データ,,1,demo-chiba-career
chiba,chiba-03,2024,国家公務員,,1,demo-chiba-career
chiba,chiba-03,2024,(株)ニトリ,,1,demo-chiba-career
chiba,chiba-03,2024,株式会社三井住友銀行,,1,demo-chiba-career
chiba,chiba-03,2024,富士通株式会社,,1,demo-chiba-career
chiba,chiba-03,2024,ソニーグループ株式会社,,1,demo-chiba-career
chiba,chiba-03,2024,イオンリテール株式会社,,1,demo-chiba-career
chiba,chiba-03,2024,NTTデータ,,1,demo-chiba-career
chiba,chiba-03,2024,ソフトバンク株式会社,,1,demo-chiba-career
chiba,chiba-03,2024,トヨタ自動車株式会社,,1,demo-chiba-career
chiba,chiba-03,2024,野村證券株式会社,,1,demo-chiba-career
kobe,kobe-01,2024,株式会社みずほフィナンシャルグループ,,1,demo-kobe-career
kobe,kobe-01,2024,野村證券株式会社,,1,demo-kobe-career
kobe,kobe-01,2024,三菱ＵＦＪ銀行,,1,demo-kobe-career
kobe,kobe-01,2024,花王株式会社,,1,demo-kobe-career
kobe,kobe-01,2024,楽天グループ株式会社,,1,demo-kobe-career
kobe,kobe-01,2024,ソニーグループ株式会社,,1,demo-kobe-career
kobe,kobe-01,2024,株式会社日立製作所,,1,demo-kobe-career
kobe,kobe-01,2024,株式会社サイバーエージェント,,1,demo-kobe-career
kobe,kobe-01,2024,東京海上日動火災保険株式会社,,1,demo-kobe-career
kobe,kobe-01,2024,株式会社三井住友銀行,,1,demo-kobe-career
kobe,kobe-02,2024,株式会社みずほフィナンシャルグループ,,1,demo-kobe-career
kobe,kobe-02,2024,東京海上日動火災保険株式会社,,1,demo-kobe-career
kobe,kobe-02,2024,三菱ＵＦＪ銀行,,1,demo-kobe-career
kobe,kobe-02,2024,ニトリ,,1,demo-kobe-career
kobe,kobe-02,2024,株式会社三井住友銀行,,1,demo-kobe-career
kobe,kobe-02,2024,花王株式会社,,1,demo-kobe-career
kobe,kobe-02,2024,日本電気株式会社,,1,demo-kobe-career
kobe,kobe-02,2024,パナソニック株式会社,,1,demo-kobe-career
kobe,kobe-02,2024,ソフトバンク株式会社,,1,demo-kobe-career
kobe,kobe-02,2024,野村證券株式会社,,1,demo-kobe-career
kobe,kobe-03,2024,富士通株式会社,,1,demo-kobe-career
kobe,kobe-03,2024,株式会社日立製作所,,1,demo-kobe-career
kobe,kobe-03,2024,ソニーグループ株式会社,,1,demo-kobe-career
kobe,kobe-03,2024,株式会社サイバーエージェント,,1,demo-kobe-career
kobe,kobe-03,2024,花王株式会社,,1,demo-kobe-career
kobe,kobe-03,2024,トヨタ自動車株式会社,,1,demo-kobe-career
kobe,kobe-03,2024,エヌ・ティ・ティ・データ,,1,demo-kobe-career
kobe,kobe-03,2024,楽天グループ株式会社,,1,demo-kobe-career
kobe,kobe-03,2024,パナソニック株式会社,,1,demo-kobe-career
kobe,kobe-03,2024,日本電気株式会社,,1,demo-kobe-career
doshisha,doshisha-01,2023,株式会社三井住友銀行,44,1,demo-doshisha-career
doshisha,doshisha-01,2023,三菱UFJ銀行,31,1,demo-doshisha-career
doshisha,doshisha-01,2023,野村證券株式会社,30,1,demo-doshisha-career
doshisha,doshisha-01,2023,東京海上日動火災保険株式会社,26,1,demo-doshisha-career
doshisha,doshisha-01,2023,トヨタ自動車株式会社,23,1,demo-doshisha-career
doshisha,doshisha-01,2023,富士通株式会社,20,1,demo-doshisha-career
doshisha,doshisha-01,2023,パナソニック株式会社,20,1,demo-doshisha-career
doshisha,doshisha-01,2023,NTTデータ,18,1,demo-doshisha-career
doshisha,doshisha-01,2023,株式会社日立製作所,16,1,demo-doshisha-career
doshisha,doshisha-01,2023,楽天グループ株式会社,15,1,demo-doshisha-career
doshisha,doshisha-01,2023,株式会社みずほフィナンシャルグループ,15,1,demo-doshisha-career
doshisha,doshisha-01,2023,イオンリテール株式会社,14,1,demo-doshisha-career
doshisha,doshisha-01,2023,ニトリグループ,13,1,demo-doshisha-career
doshisha,doshisha-01,2023,株式会社セブン‐イレブン・ジャパン,13,1,demo-doshisha-career
doshisha,doshisha-01,2023,株式会社サイバーエージェント,12,1,demo-doshisha-career
doshisha,doshisha-01,2023,花王株式会社,11,1,demo-doshisha-career
doshisha,doshisha-01,2023,ソフトバンク株式会社,9,1,demo-doshisha-career
doshisha,doshisha-01,2023,株式会社良品計画,9,1,demo-doshisha-career
doshisha,doshisha-01,2024,三菱UFJ銀行,42,1,demo-doshisha-career
doshisha,doshisha-01,2024,野村證券株式会社,38,1,demo-doshisha-career
doshisha,doshisha-01,2024,東京海上日動火災保険株式会社,31,1,demo-doshisha-career
doshisha,doshisha-01,2024,トヨタ自動車株式会社,26,1,demo-doshisha-career
doshisha,doshisha-01,2024,花王株式会社,23,1,demo-doshisha-career
doshisha,doshisha-01,2024,株式会社三井住友銀行,22,1,demo-doshisha-career
doshisha,doshisha-01,2024,株式会社みずほフィナンシャルグループ,21,1,demo-doshisha-career
doshisha,doshisha-01,2024,(株)ニトリ,21,1,demo-doshisha-career
doshisha,doshisha-01,2024,日本電気株式会社,20,1,demo-doshisha-career
doshisha,doshisha-01,2024,ソニーグループ株式会社,20,1,demo-doshisha-career
doshisha,doshisha-01,2024,パナソニック株式会社,20,1,demo-doshisha-career
doshisha,doshisha-01,2024,富士通株式会社,20,1,demo-doshisha-career
doshisha,doshisha-01,2024,ソフトバンク株式会社,19,1,demo-doshisha-career
doshisha,doshisha-01,2024,ユニクロ,15,1,demo-doshisha-career
doshisha,doshisha-01,2024,株式会社サイバーエージェント,14,1,demo-doshisha-career
doshisha,doshisha-01,2024,株式会社良品計画,13,1,demo-doshisha-career
doshisha,doshisha-01,2024,株式会社日立製作所,12,1,demo-doshisha-career
doshisha,doshisha-01,2024,NTTデータ,11,1,demo-doshisha-career
doshisha,doshisha-02,2023,東京海上日動火災保険株式会社,24,1,demo-doshisha-career
doshisha,doshisha-02,2023,三菱UFJ銀行,19,1,demo-doshisha-career
doshisha,doshisha-02,2023,花王株式会社,14,1,demo-doshisha-career
doshisha,doshisha-02,2023,楽天グループ株式会社,12,1,demo-doshisha-career
doshisha,doshisha-02,2023,株式会社みずほフィナンシャルグループ,12,1,demo-doshisha-career
doshisha,doshisha-02,2023,野村證券株式会社,11,1,demo-doshisha-career
doshisha,doshisha-02,2023,ソフトバンク株式会社,10,1,demo-doshisha-career
doshisha,doshisha-02,2023,株式会社三井住友銀行,10,1,demo-doshisha-career
doshisha,doshisha-02,2023,NTTデータ,10,1,demo-doshisha-career
doshisha,doshisha-02,2023,ソニーグループ株式会社,9,1,demo-doshisha-career
doshisha,doshisha-02,2023,富士通株式会社,8,1,demo-doshisha-career
doshisha,doshisha-02,2023,パナソニック株式会社,8,1,demo-doshisha-career
doshisha,doshisha-02,2023,(株)ニトリ,8,1,demo-doshisha-career
doshisha,doshisha-02,2023,日本電気株式会社,7,1,demo-doshisha-career
doshisha,doshisha-02,2023,株式会社日立製作所,6,1,demo-doshisha-career
doshisha,doshisha-02,2023,ユニクロ,6,1,demo-doshisha-career
doshisha,doshisha-02,2023,アクセンチュア株式会社,6,1,demo-doshisha-career
doshisha,doshisha-02,2023,株式会社良品計画,6,1,demo-doshisha-career
doshisha,doshisha-02,2023,(株)ｱｲﾘｽｵｰﾔﾏ,,1,demo-doshisha-career
doshisha,doshisha-02,2024,三菱ＵＦＪ銀行,21,1,demo-doshisha-career
doshisha,doshisha-02,2024,株式会社みずほフィナンシャルグループ,19,1,demo-doshisha-career
doshisha,doshisha-02,2024,株式会社三井住友銀行,18,1,demo-doshisha-career
doshisha,doshisha-02,2024,ニトリグループ,16,1,demo-doshisha-career
doshisha,doshisha-02,2024,東京海上日動火災保険株式会社,15,1,demo-doshisha-career
doshisha,doshisha-02,2024,野村證券株式会社,14,1,demo-doshisha-career
doshisha,doshisha-02,2024,エヌ・ティ・ティ・データ,13,1,demo-doshisha-career
doshisha,doshisha-02,2024,日本電気株式会社,13,1,demo-doshisha-career
doshisha,doshisha-02,2024,楽天グループ株式会社,13,1,demo-doshisha-career
doshisha,doshisha-02,2024,パナソニック株式会社,13,1,demo-doshisha-career
doshisha,doshisha-02,2024,トヨタ自動車株式会社,12,1,demo-doshisha-career
doshisha,doshisha-02,2024,花王株式会社,12,1,demo-doshisha-career
doshisha,doshisha-02,2024,ソニーグループ株式会社,12,1,demo-doshisha-career
doshisha,doshisha-02,2024,ユニクロ,10,1,demo-doshisha-career
doshisha,doshisha-02,2024,株式会社日立製作所,10,1,demo-doshisha-career
doshisha,doshisha-02,2024,ソフトバンク株式会社,8,1,demo-doshisha-career
doshisha,doshisha-02,2024,イオンリテール株式会社,8,1,demo-doshisha-career
doshisha,doshisha-02,2024,株式会社サイバーエージェント,8,1,demo-doshisha-career
doshisha,doshisha-03,2023,株式会社サイバーエージェント,51,1,demo-doshisha-career
doshisha,doshisha-03,2023,NTTデータ,48,1,demo-doshisha-career
doshisha,doshisha-03,2023,ソフトバンク株式会社,38,1,demo-doshisha-career
doshisha,doshisha-03,2023,富士通株式会社,36,1,demo-doshisha-career
doshisha,doshisha-03,2023,日本電気株式会社,34,1,demo-doshisha-career
doshisha,doshisha-03,2023,楽天グループ株式会社,21,1,demo-doshisha-career
doshisha,doshisha-03,2023,トヨタ自動車株式会社,20,1,demo-doshisha-career
doshisha,doshisha-03,2023,ソニーグループ株式会社,15,1,demo-doshisha-career
doshisha,doshisha-03,2023,株式会社日立製作所,15,1,demo-doshisha-career
doshisha,doshisha-03,2023,パナソニック株式会社,14,1,demo-doshisha-career
doshisha,doshisha-03,2023,(株)ニトリ,13,1,demo-doshisha-career
doshisha,doshisha-03,2023,アクセンチュア株式会社,12,1,demo-doshisha-career
doshisha,doshisha-03,2023,東京海上日動火災保険株式会社,8,1,demo-doshisha-career
doshisha,doshisha-03,2023,株式会社三井住友銀行,7,1,demo-doshisha-career
doshisha,doshisha-03,2023,花王株式会社,7,1,demo-doshisha-career
doshisha,doshisha-03,2023,株式会社みずほフィナンシャルグループ,6,1,demo-doshisha-career
doshisha,doshisha-03,2023,三菱ＵＦＪ銀行,6,1,demo-doshisha-career
doshisha,doshisha-03,2023,株式会社良品計画,6,1,demo-doshisha-career
doshisha,doshisha-03,2024,ソフトバンク株式会社,48,1,demo-doshisha-career
doshisha,doshisha-03,2024,楽天グループ株式会社,45,1,demo-doshisha-career
doshisha,doshisha-03,2024,富士通株式会社,35,1,demo-doshisha-career
doshisha,doshisha-03,2024,日本電気株式会社,35,1,demo-doshisha-career
doshisha,doshisha-03,2024,NTTデータ,29,1,demo-doshisha-career
doshisha,doshisha-03,2024,株式会社サイバーエージェント,25,1,demo-doshisha-career
doshisha,doshisha-03,2024,ソニーグループ株式会社,21,1,demo-doshisha-career
doshisha,doshisha-03,2024,トヨタ自動車株式会社,20,1,demo-doshisha-career
doshisha,doshisha-03,2024,パナソニック株式会社,16,1,demo-doshisha-career
doshisha,doshisha-03,2024,花王株式会社,15,1,demo-doshisha-career
doshisha,doshisha-03,2024,株式会社三井住友銀行,11,1,demo-doshisha-career
doshisha,doshisha-03,2024,株式会社日立製作所,10,1,demo-doshisha-career
doshisha,doshisha-03,2024,アクセンチュア株式会社,10,1,demo-doshisha-career
doshisha,doshisha-03,2024,株式会社リクルート,9,1,demo-doshisha-career
doshisha,doshisha-03,2024,東京海上日動火災保険株式会社,7,1,demo-doshisha-career
doshisha,doshisha-03,2024,ニトリグループ,7,1,demo-doshisha-career
doshisha,doshisha-03,2024,株式会社良品計画,7,1,demo-doshisha-career
doshisha,doshisha-03,2024,三菱UFJ銀行,6,1,demo-doshisha-career
doshisha,doshisha-04,2023,株式会社日立製作所,41,1,demo-doshisha-career
doshisha,doshisha-04,2023,ソニーグループ株式会社,39,1,demo-doshisha-career
doshisha,doshisha-04,2023,NTTデータ,30,1,demo-doshisha-career
doshisha,doshisha-04,2023,富士通株式会社,28,1,demo-doshisha-career
doshisha,doshisha-04,2023,株式会社サイバーエージェント,26,1,demo-doshisha-career
doshisha,doshisha-04,2023,パナソニック株式会社,23,1,demo-doshisha-career
doshisha,doshisha-04,2023,ソフトバンク株式会社,21,1,demo-doshisha-career
doshisha,doshisha-04,2023,花王株式会社,18,1,demo-doshisha-career
doshisha,doshisha-04,2023,楽天グループ株式会社,18,1,demo-doshisha-career
doshisha,doshisha-04,2023,日本電気株式会社,17,1,demo-doshisha-career
doshisha,doshisha-04,2023,トヨタ自動車株式会社,16,1,demo-doshisha-career
doshisha,doshisha-04,2023,関西電力株式会社,7,1,demo-doshisha-career
doshisha,doshisha-04,2023,西日本旅客鉄道株式会社,5,1,demo-doshisha-career
doshisha,doshisha-04,2023,アクセンチュア株式会社,5,1,demo-doshisha-career
doshisha,doshisha-04,2023,大和ハウス工業株式会社,4,1,demo-doshisha-career
doshisha,doshisha-04,2023,三菱UFJ銀行,3,1,demo-doshisha-career
doshisha,doshisha-04,2023,野村證券株式会社,3,1,demo-doshisha-career
doshisha,doshisha-04,2023,ユニクロ,3,1,demo-doshisha-career
doshisha,doshisha-04,2023,地元信用金庫,,1,demo-doshisha-career
doshisha,doshisha-04,2024,ソニーグループ株式会社,44,1,demo-doshisha-career
doshisha,doshisha-04,2024,パナソニック株式会社,34,1,demo-doshisha-career
doshisha,doshisha-04,2024,富士通株式会社,32,1,demo-doshisha-career
doshisha,doshisha-04,2024,NTTデータ,28,1,demo-doshisha-career
doshisha,doshisha-04,2024,花王株式会社,28,1,demo-doshisha-career
doshisha,doshisha-04,2024,トヨタ自動車株式会社,25,1,demo-doshisha-career
doshisha,doshisha-04,2024,楽天グループ株式会社,24,1,demo-doshisha-career
doshisha,doshisha-04,2024,日本電気株式会社,21,1,demo-doshisha-career
doshisha,doshisha-04,2024,株式会社サイバーエージェント,18,1,demo-doshisha-career
doshisha,doshisha-04,2024,ソフトバンク株式会社,18,1,demo-doshisha-career
doshisha,doshisha-04,2024,株式会社日立製作所,18,1,demo-doshisha-career
doshisha,doshisha-04,2024,関西電力株式会社,9,1,demo-doshisha-career
doshisha,doshisha-04,2024,西日本旅客鉄道株式会社,9,1,demo-doshisha-career
doshisha,doshisha-04,2024,アクセンチュア株式会社,7,1,demo-doshisha-career
doshisha,doshisha-04,2024,大和ハウス工業株式会社,4,1,demo-doshisha-career
doshisha,doshisha-04,2024,地方公務員,3,1,demo-doshisha-career
doshisha,doshisha-04,2024,三菱UFJ銀行,3,1,demo-doshisha-career
doshisha,doshisha-04,2024,東京海上日動火災保険株式会社,3,1,demo-doshisha-career
kansai,kansai-01,2023,東京海上日動火災保険株式会社,43,1,demo-kansai-career
kansai,kansai-01,2023,株式会社三井住友銀行,37,1,demo-kansai-career
kansai,kansai-01,2023,株式会社みずほフィナンシャルグループ,36,1,demo-kansai-career
kansai,kansai-01,2023,野村證券株式会社,30,1,demo-kansai-career
kansai,kansai-01,2023,(株)ニトリ,30,1,demo-kansai-career
kansai,kansai-01,2023,ソニーグループ株式会社,28,1,demo-kansai-career
kansai,kansai-01,2023,NTTデータ,27,1,demo-kansai-career
kansai,kansai-01,2023,日本電気株式会社,23,1,demo-kansai-career
kansai,kansai-01,2023,三菱ＵＦＪ銀行,20,1,demo-kansai-career
kansai,kansai-01,2023,ソフトバンク株式会社,20,1,demo-kansai-career
kansai,kansai-01,2023,株式会社日立製作所,18,1,demo-kansai-career
kansai,kansai-01,2023,花王株式会社,16,1,demo-kansai-career
kansai,kansai-01,2023,富士通株式会社,16,1,demo-kansai-career
kansai,kansai-01,2023,イオンリテール株式会社,14,1,demo-kansai-career
kansai,kansai-01,2023,パナソニック株式会社,14,1,demo-kansai-career
kansai,kansai-01,2023,楽天グループ株式会社,14,1,demo-kansai-career
kansai,kansai-01,2023,株式会社良品計画,13,1,demo-kansai-career
kansai,kansai-01,2023,株式会社セブン‐イレブン・ジャパン,13,1,demo-kansai-career
kansai,kansai-01,2024,株式会社みずほフィナンシャルグループ,44,1,demo-kansai-career
kansai,kansai-01,2024,株式会社三井住友銀行,39,1,demo-kansai-career
kansai,kansai-01,2024,エヌ・ティ・ティ・データ,31,1,demo-kansai-career
kansai,kansai-01,2024,東京海上日動火災保険株式会社,28,1,demo-kansai-career
kansai,kansai-01,2024,野村證券株式会社,25,1,demo-kansai-career
kansai,kansai-01,2024,トヨタ自動車株式会社,24,1,demo-kansai-career
kansai,kansai-01,2024,三菱UFJ銀行,22,1,demo-kansai-career
kansai,kansai-01,2024,花王株式会社,22,1,demo-kansai-career
kansai,kansai-01,2024,楽天グループ株式会社,21,1,demo-kansai-career
kansai,kansai-01,2024,ソニーグループ株式会社,21,1,demo-kansai-career
kansai,kansai-01,2024,日本電気株式会社,20,1,demo-kansai-career
kansai,kansai-01,2024,株式会社日立製作所,20,1,demo-kansai-career
kansai,kansai-01,2024,株式会社サイバーエージェント,19,1,demo-kansai-career
kansai,kansai-01,2024,アクセンチュア株式会社,18,1,demo-kansai-career
kansai,kansai-01,2024,パナソニック株式会社,17,1,demo-kansai-career
kansai,kansai-01,2024,ソフトバンク株式会社,16,1,demo-kansai-career
kansai,kansai-01,2024,ニトリ,16,1,demo-kansai-career
kansai,kansai-01,2024,ファーストリテイリング,14,1,demo-kansai-career
kansai,kansai-02,2023,全日本空輸株式会社,16,1,demo-kansai-career
kansai,kansai-02,2023,株式会社三井住友銀行,15,1,demo-kansai-career
kansai,kansai-02,2023,株式会社サイバーエージェント,15,1,demo-kansai-career
kansai,kansai-02,2023,トヨタ自動車株式会社,14,1,demo-kansai-career
kansai,kansai-02,2023,花王株式会社,14,1,demo-kansai-career
kansai,kansai-02,2023,株式会社日立製作所,14,1,demo-kansai-career
kansai,kansai-02,2023,ソフトバンク株式会社,14,1,demo-kansai-career
kansai,kansai-02,2023,日本航空株式会社,13,1,demo-kansai-career
kansai,kansai-02,2023,株式会社JTB,11,1,demo-kansai-career
kansai,kansai-02,2023,ファーストリテイリング,11,1,demo-kansai-career
kansai,kansai-02,2023,ソニーグループ株式会社,11,1,demo-kansai-career
kansai,kansai-02,2023,株式会社みずほフィナンシャルグループ,11,1,demo-kansai-career
kansai,kansai-02,2023,日本電気株式会社,10,1,demo-kansai-career
kansai,kansai-02,2023,野村證券株式会社,10,1,demo-kansai-career
kansai,kansai-02,2023,三菱ＵＦＪ銀行,9,1,demo-kansai-career
kansai,kansai-02,2023,イオンリテール株式会社,9,1,demo-kansai-career
kansai,kansai-02,2023,アクセンチュア株式会社,9,1,demo-kansai-career
kansai,kansai-02,2023,富士通株式会社,8,1,demo-kansai-career
kansai,kansai-02,2024,株式会社三井住友銀行,16,1,demo-kansai-career
kansai,kansai-02,2024,楽天グループ株式会社,16,1,demo-kansai-career
kansai,kansai-02,2024,ソニーグループ株式会社,14,1,demo-kansai-career
kansai,kansai-02,2024,株式会社サイバーエージェント,14,1,demo-kansai-career
kansai,kansai-02,2024,野村證券株式会社,13,1,demo-kansai-career
kansai,kansai-02,2024,東京海上日動火災保険株式会社,13,1,demo-kansai-career
kansai,kansai-02,2024,エヌ・ティ・ティ・データ,12,1,demo-kansai-career
kansai,kansai-02,2024,トヨタ自動車株式会社,11,1,demo-kansai-career
kansai,kansai-02,2024,株式会社JTB,11,1,demo-kansai-career
kansai,kansai-02,2024,ソフトバンク株式会社,11,1,demo-kansai-career
kansai,kansai-02,2024,富士通株式会社,10,1,demo-kansai-career
kansai,kansai-02,2024,アクセンチュア株式会社,8,1,demo-kansai-career
kansai,kansai-02,2024,株式会社日立製作所,8,1,demo-kansai-career
kansai,kansai-02,2024,パナソニック株式会社,7,1,demo-kansai-career
kansai,kansai-02,2024,全日本空輸株式会社,7,1,demo-kansai-career
kansai,kansai-02,2024,イオンリテール株式会社,7,1,demo-kansai-career
kansai,kansai-02,2024,株式会社みずほフィナンシャルグループ,6,1,demo-kansai-career
kansai,kansai-02,2024,三菱ＵＦＪ銀行,6,1,demo-kansai-career
kansai,kansai-03,2023,NTTデータ,28,1,demo-kansai-career
kansai,kansai-03,2023,株式会社三井住友銀行,23,1,demo-kansai-career
kansai,kansai-03,2023,東京海上日動火災保険株式会社,22,1,demo-kansai-career
kansai,kansai-03,2023,ソフトバンク株式会社,20,1,demo-kansai-career
kansai,kansai-03,2023,楽天グループ株式会社,19,1,demo-kansai-career
kansai,kansai-03,2023,三菱ＵＦＪ銀行,19,1,demo-kansai-career
kansai,kansai-03,2023,ファーストリテイリング,18,1,demo-kansai-career
kansai,kansai-03,2023,日本電気株式会社,17,1,demo-kansai-career
kansai,kansai-03,2023,富士通株式会社,16,1,demo-kansai-career
kansai,kansai-03,2023,株式会社日立製作所,14,1,demo-kansai-career
kansai,kansai-03,2023,(株)ニトリ,13,1,demo-kansai-career
kansai,kansai-03,2023,株式会社セブン‐イレブン・ジャパン,13,1,demo-kansai-career
kansai,kansai-03,2023,株式会社サイバーエージェント,12,1,demo-kansai-career
kansai,kansai-03,2023,野村證券株式会社,11,1,demo-kansai-career
kansai,kansai-03,2023,地方公務員,11,1,demo-kansai-career
kansai,kansai-03,2023,ソニーグループ株式会社,10,1,demo-kansai-career
kansai,kansai-03,2023,株式会社良品計画,10,1,demo-kansai-career
kansai,kansai-03,2023,株式会社リクルート,9,1,demo-kansai-career
kansai,kansai-03,2024,富士通株式会社,27,1,demo-kansai-career
kansai,kansai-03,2024,楽天グループ株式会社,24,1,demo-kansai-career
kansai,kansai-03,2024,三菱ＵＦＪ銀行,19,1,demo-kansai-career
kansai,kansai-03,2024,株式会社三井住友銀行,19,1,demo-kansai-career
kansai,kansai-03,2024,日本電気株式会社,19,1,demo-kansai-career
kansai,kansai-03,2024,野村證券株式会社,18,1,demo-kansai-career
kansai,kansai-03,2024,東京海上日動火災保険株式会社,17,1,demo-kansai-career
kansai,kansai-03,2024,NTTデータ,17,1,demo-kansai-career
kansai,kansai-03,2024,株式会社リクルート,14,1,demo-kansai-career
kansai,kansai-03,2024,株式会社良品計画,13,1,demo-kansai-career
kansai,kansai-03,2024,株式会社日立製作所,12,1,demo-kansai-career
kansai,kansai-03,2024,ソフトバンク株式会社,12,1,demo-kansai-career
kansai,kansai-03,2024,ソニーグループ株式会社,11,1,demo-kansai-career
kansai,kansai-03,2024,株式会社サイバーエージェント,11,1,demo-kansai-career
kansai,kansai-03,2024,ユニクロ,11,1,demo-kansai-career
kansai,kansai-03,2024,(株)ニトリ,11,1,demo-kansai-career
kansai,kansai-03,2024,株式会社みずほフィナンシャルグループ,10,1,demo-kansai-career
kansai,kansai-03,2024,パナソニック株式会社,10,1,demo-kansai-career
kansai,kansai-04,2023,ソニーグループ株式会社,37,1,demo-kansai-career
kansai,kansai-04,2023,トヨタ自動車株式会社,34,1,demo-kansai-career
kansai,kansai-04,2023,株式会社日立製作所,30,1,demo-kansai-career
kansai,kansai-04,2023,花王株式会社,26,1,demo-kansai-career
kansai,kansai-04,2023,ソフトバンク株式会社,26,1,demo-kansai-career
kansai,kansai-04,2023,楽天グループ株式会社,24,1,demo-kansai-career
kansai,kansai-04,2023,日本電気株式会社,19,1,demo-kansai-career
kansai,kansai-04,2023,NTTデータ,18,1,demo-kansai-career
kansai,kansai-04,2023,富士通株式会社,16,1,demo-kansai-career
kansai,kansai-04,2023,株式会社サイバーエージェント,16,1,demo-kansai-career
kansai,kansai-04,2023,パナソニック株式会社,13,1,demo-kansai-career
kansai,kansai-04,2023,関西電力株式会社,4,1,demo-kansai-career
kansai,kansai-04,2023,西日本旅客鉄道株式会社,3,1,demo-kansai-career
kansai,kansai-04,2023,地方公務員,2,1,demo-kansai-career
kansai,kansai-04,2023,野村證券株式会社,2,1,demo-kansai-career
kansai,kansai-04,2023,ユニクロ,2,1,demo-kansai-career
kansai,kansai-04,2023,アクセンチュア株式会社,2,1,demo-kansai-career
kansai,kansai-04,2023,東京海上日動火災保険株式会社,2,1,demo-kansai-career
kansai,kansai-04,2024,トヨタ自動車株式会社,42,1,demo-kansai-career
kansai,kansai-04,2024,パナソニック株式会社,34,1,demo-kansai-career
kansai,kansai-04,2024,花王株式会社,26,1,demo-kansai-career
kansai,kansai-04,2024,ソフトバンク株式会社,25,1,demo-kansai-career
kansai,kansai-04,2024,富士通株式会社,23,1,demo-kansai-career
kansai,kansai-04,2024,株式会社サイバーエージェント,22,1,demo-kansai-career
kansai,kansai-04,2024,NTTデータ,22,1,demo-kansai-career
kansai,kansai-04,2024,ソニーグループ株式会社,17,1,demo-kansai-career
kansai,kansai-04,2024,株式会社日立製作所,14,1,demo-kansai-career
kansai,kansai-04,2024,日本電気株式会社,13,1,demo-kansai-career
kansai,kansai-04,2024,楽天グループ株式会社,11,1,demo-kansai-career
kansai,kansai-04,2024,アクセンチュア株式会社,6,1,demo-kansai-career
kansai,kansai-04,2024,関西電力株式会社,5,1,demo-kansai-career
kansai,kansai-04,2024,大和ハウス工業株式会社,4,1,demo-kansai-career
kansai,kansai-04,2024,西日本旅客鉄道株式会社,3,1,demo-kansai-career
kansai,kansai-04,2024,株式会社良品計画,2,1,demo-kansai-career
kansai,kansai-04,2024,国家公務員,2,1,demo-kansai-career
kansai,kansai-04,2024,ファーストリテイリング,2,1,demo-kansai-career
kwansei,kwansei-01,2023,三菱UFJ銀行,20,1,demo-kwansei-career
kwansei,kwansei-01,2023,株式会社三井住友銀行,17,1,demo-kwansei-career
kwansei,kwansei-01,2023,野村證券株式会社,14,1,demo-kwansei-career
kwansei,kwansei-01,2023,トヨタ自動車株式会社,14,1,demo-kwansei-career
kwansei,kwansei-01,2023,株式会社ニトリ,13,1,demo-kwansei-career
kwansei,kwansei-01,2023,東京海上日動火災保険株式会社,12,1,demo-kwansei-career
kwansei,kwansei-01,2023,ソニーグループ株式会社,12,1,demo-kwansei-career
kwansei,kwansei-01,2023,ソフトバンク株式会社,12,1,demo-kwansei-career
kwansei,kwansei-01,2023,パナソニック株式会社,11,1,demo-kwansei-career
kwansei,kwansei-01,2023,株式会社みずほフィナンシャルグループ,10,1,demo-kwansei-career
kwansei,kwansei-01,2023,エヌ・ティ・ティ・データ,10,1,demo-kwansei-career
kwansei,kwansei-01,2023,株式会社サイバーエージェント,9,1,demo-kwansei-career
kwansei,kwansei-01,2023,富士通株式会社,8,1,demo-kwansei-career
kwansei,kwansei-01,2023,ファーストリテイリング,8,1,demo-kwansei-career
kwansei,kwansei-01,2023,楽天グループ株式会社,8,1,demo-kwansei-career
kwansei,kwansei-01,2023,株式会社良品計画,7,1,demo-kwansei-career
kwansei,kwansei-01,2023,日本電気株式会社,7,1,demo-kwansei-career
kwansei,kwansei-01,2023,花王株式会社,7,1,demo-kwansei-career
kwansei,kwansei-01,2023,地元信用金庫,,1,demo-kwansei-career
kwansei,kwansei-01,2024,東京海上日動火災保険株式会社,26,1,demo-kwansei-career
kwansei,kwansei-01,2024,株式会社みずほフィナンシャルグループ,24,1,demo-kwansei-career
kwansei,kwansei-01,2024,株式会社三井住友銀行,23,1,demo-kwansei-career
kwansei,kwansei-01,2024,トヨタ自動車株式会社,13,1,demo-kwansei-career
kwansei,kwansei-01,2024,三菱UFJ銀行,13,1,demo-kwansei-career
kwansei,kwansei-01,2024,ニトリグループ,11,1,demo-kwansei-career
kwansei,kwansei-01,2024,株式会社サイバーエージェント,11,1,demo-kwansei-career
kwansei,kwansei-01,2024,ユニクロ,10,1,demo-kwansei-career
kwansei,kwansei-01,2024,野村證券株式会社,10,1,demo-kwansei-career
kwansei,kwansei-01,2024,ソフトバンク株式会社,10,1,demo-kwansei-career
kwansei,kwansei-01,2024,花王株式会社,9,1,demo-kwansei-career
kwansei,kwansei-01,2024,ソニーグループ株式会社,9,1,demo-kwansei-career
kwansei,kwansei-01,2024,楽天グループ株式会社,8,1,demo-kwansei-career
kwansei,kwansei-01,2024,日本電気株式会社,7,1,demo-kwansei-career
kwansei,kwansei-01,2024,株式会社セブン‐イレブン・ジャパン,6,1,demo-kwansei-career
kwansei,kwansei-01,2024,パナソニック株式会社,6,1,demo-kwansei-career
kwansei,kwansei-01,2024,NTTデータ,6,1,demo-kwansei-career
kwansei,kwansei-01,2024,富士通株式会社,5,1,demo-kwansei-career
kwansei,kwansei-02,2023,東京海上日動火災保険株式会社,31,1,demo-kwansei-career
kwansei,kwansei-02,2023,株式会社みずほフィナンシャルグループ,22,1,demo-kwansei-career
kwansei,kwansei-02,2023,ソニーグループ株式会社,20,1,demo-kwansei-career
kwansei,kwansei-02,2023,株式会社日立製作所,19,1,demo-kwansei-career
kwansei,kwansei-02,2023,株式会社三井住友銀行,18,1,demo-kwansei-career
kwansei,kwansei-02,2023,トヨタ自動車株式会社,16,1,demo-kwansei-career
kwansei,kwansei-02,2023,ニトリ,15,1,demo-kwansei-career
kwansei,kwansei-02,2023,楽天グループ株式会社,13,1,demo-kwansei-career
kwansei,kwansei-02,2023,ソフトバンク株式会社,13,1,demo-kwansei-career
kwansei,kwansei-02,2023,三菱ＵＦＪ銀行,12,1,demo-kwansei-career
kwansei,kwansei-02,2023,NTTデータ,12,1,demo-kwansei-career
kwansei,kwansei-02,2023,野村證券株式会社,12,1,demo-kwansei-career
kwansei,kwansei-02,2023,株式会社良品計画,11,1,demo-kwansei-career
kwansei,kwansei-02,2023,パナソニック株式会社,10,1,demo-kwansei-career
kwansei,kwansei-02,2023,富士通株式会社,10,1,demo-kwansei-career
kwansei,kwansei-02,2023,アクセンチュア株式会社,9,1,demo-kwansei-career
kwansei,kwansei-02,2023,株式会社サイバーエージェント,9,1,demo-kwansei-career
kwansei,kwansei-02,2023,日本電気株式会社,8,1,demo-kwansei-career
kwansei,kwansei-02,2024,東京海上日動火災保険株式会社,33,1,demo-kwansei-career
kwansei,kwansei-02,2024,株式会社みずほフィナンシャルグループ,29,1,demo-kwansei-career
kwansei,kwansei-02,2024,野村證券株式会社,25,1,demo-kwansei-career
kwansei,kwansei-02,2024,エヌ・ティ・ティ・データ,23,1,demo-kwansei-career
kwansei,kwansei-02,2024,株式会社三井住友銀行,22,1,demo-kwansei-career
kwansei,kwansei-02,2024,株式会社日立製作所,21,1,demo-kwansei-career
kwansei,kwansei-02,2024,花王株式会社,20,1,demo-kwansei-career
kwansei,kwansei-02,2024,三菱UFJ銀行,19,1,demo-kwansei-career
kwansei,kwansei-02,2024,ソフトバンク株式会社,19,1,demo-kwansei-career
kwansei,kwansei-02,2024,ソニーグループ株式会社,18,1,demo-kwansei-career
kwansei,kwansei-02,2024,楽天グループ株式会社,18,1,demo-kwansei-career
kwansei,kwansei-02,2024,富士通株式会社,17,1,demo-kwansei-career
kwansei,kwansei-02,2024,トヨタ自動車株式会社,14,1,demo-kwansei-career
kwansei,kwansei-02,2024,株式会社サイバーエージェント,14,1,demo-kwansei-career
kwansei,kwansei-02,2024,ニトリグループ,11,1,demo-kwansei-career
kwansei,kwansei-02,2024,ユニクロ,10,1,demo-kwansei-career
kwansei,kwansei-02,2024,株式会社良品計画,9,1,demo-kwansei-career
kwansei,kwansei-02,2024,パナソニック株式会社,8,1,demo-kwansei-career
kwansei,kwansei-02,2024,(株)ｱｲﾘｽｵｰﾔﾏ,,1,demo-kwansei-career
kwansei,kwansei-03,2023,楽天グループ株式会社,21,1,demo-kwansei-career
kwansei,kwansei-03,2023,株式会社サイバーエージェント,19,1,demo-kwansei-career
kwansei,kwansei-03,2023,ソニーグループ株式会社,19,1,demo-kwansei-career
kwansei,kwansei-03,2023,株式会社みずほフィナンシャルグループ,18,1,demo-kwansei-career
kwansei,kwansei-03,2023,トヨタ自動車株式会社,18,1,demo-kwansei-career
kwansei,kwansei-03,2023,日本電気株式会社,17,1,demo-kwansei-career
kwansei,kwansei-03,2023,全日本空輸株式会社,17,1,demo-kwansei-career
kwansei,kwansei-03,2023,株式会社三井住友銀行,16,1,demo-kwansei-career
kwansei,kwansei-03,2023,三菱UFJ銀行,14,1,demo-kwansei-career
kwansei,kwansei-03,2023,富士通株式会社,14,1,demo-kwansei-career
kwansei,kwansei-03,2023,東京海上日動火災保険株式会社,14,1,demo-kwansei-career
kwansei,kwansei-03,2023,野村證券株式会社,13,1,demo-kwansei-career
kwansei,kwansei-03,2023,NTTデータ,13,1,demo-kwansei-career
kwansei,kwansei-03,2023,ソフトバンク株式会社,12,1,demo-kwansei-career
kwansei,kwansei-03,2023,アクセンチュア株式会社,11,1,demo-kwansei-career
kwansei,kwansei-03,2023,株式会社JTB,9,1,demo-kwansei-career
kwansei,kwansei-03,2023,イオンリテール株式会社,9,1,demo-kwansei-career
kwansei,kwansei-03,2023,株式会社セブン‐イレブン・ジャパン,9,1,demo-kwansei-career
kwansei,kwansei-03,2023,(株)ｱｲﾘｽｵｰﾔﾏ,,1,demo-kwansei-career
kwansei,kwansei-03,2024,三菱UFJ銀行,21,1,demo-kwansei-career
kwansei,kwansei-03,2024,株式会社サイバーエージェント,20,1,demo-kwansei-career
kwansei,kwansei-03,2024,東京海上日動火災保険株式会社,20,1,demo-kwansei-career
kwansei,kwansei-03,2024,富士通株式会社,18,1,demo-kwansei-career
kwansei,kwansei-03,2024,エヌ・ティ・ティ・データ,18,1,demo-kwansei-career
kwansei,kwansei-03,2024,株式会社みずほフィナンシャルグループ,17,1,demo-kwansei-career
kwansei,kwansei-03,2024,トヨタ自動車株式会社,17,1,demo-kwansei-career
kwansei,kwansei-03,2024,ソフトバンク株式会社,15,1,demo-kwansei-career
kwansei,kwansei-03,2024,株式会社良品計画,12,1,demo-kwansei-career
kwansei,kwansei-03,2024,花王株式会社,11,1,demo-kwansei-career
kwansei,kwansei-03,2024,株式会社セブン‐イレブン・ジャパン,10,1,demo-kwansei-career
kwansei,kwansei-03,2024,野村證券株式会社,10,1,demo-kwansei-career
kwansei,kwansei-03,2024,株式会社日立製作所,10,1,demo-kwansei-career
kwansei,kwansei-03,2024,株式会社三井住友銀行,10,1,demo-kwansei-career
kwansei,kwansei-03,2024,パナソニック株式会社,9,1,demo-kwansei-career
kwansei,kwansei-03,2024,イオンリテール株式会社,9,1,demo-kwansei-career
kwansei,kwansei-03,2024,アクセンチュア株式会社,9,1,demo-kwansei-career
kwansei,kwansei-03,2024,日本航空株式会社,8,1,demo-kwansei-career
kwansei,kwansei-04,2023,ソニーグループ株式会社,36,1,demo-kwansei-career
kwansei,kwansei-04,2023,花王株式会社,34,1,demo-kwansei-career
kwansei,kwansei-04,2023,株式会社日立製作所,33,1,demo-kwansei-career
kwansei,kwansei-04,2023,トヨタ自動車株式会社,24,1,demo-kwansei-career
kwansei,kwansei-04,2023,エヌ・ティ・ティ・データ,23,1,demo-kwansei-career
kwansei,kwansei-04,2023,パナソニック株式会社,14,1,demo-kwansei-career
kwansei,kwansei-04,2023,日本電気株式会社,12,1,demo-kwansei-career
kwansei,kwansei-04,2023,楽天グループ株式会社,12,1,demo-kwansei-career
kwansei,kwansei-04,2023,ソフトバンク株式会社,12,1,demo-kwansei-career
kwansei,kwansei-04,2023,株式会社サイバーエージェント,11,1,demo-kwansei-career
kwansei,kwansei-04,2023,富士通株式会社,11,1,demo-kwansei-career
kwansei,kwansei-04,2023,西日本旅客鉄道株式会社,9,1,demo-kwansei-career
kwansei,kwansei-04,2023,関西電力株式会社,4,1,demo-kwansei-career
kwansei,kwansei-04,2023,アクセンチュア株式会社,3,1,demo-kwansei-career
kwansei,kwansei-04,2023,東京海上日動火災保険株式会社,3,1,demo-kwansei-career
kwansei,kwansei-04,2023,株式会社三井住友銀行,2,1,demo-kwansei-career
kwansei,kwansei-04,2023,株式会社セブン‐イレブン・ジャパン,2,1,demo-kwansei-career
kwansei,kwansei-04,2023,イオンリテール株式会社,2,1,demo-kwansei-career
kwansei,kwansei-04,2023,(株)ｱｲﾘｽｵｰﾔﾏ,,1,demo-kwansei-career
kwansei,kwansei-04,2024,株式会社日立製作所,46,1,demo-kwansei-career
kwansei,kwansei-04,2024,花王株式会社,41,1,demo-kwansei-career
kwansei,kwansei-04,2024,トヨタ自動車株式会社,39,1,demo-kwansei-career
kwansei,kwansei-04,2024,ソフトバンク株式会社,33,1,demo-kwansei-career
kwansei,kwansei-04,2024,楽天グループ株式会社,29,1,demo-kwansei-career
kwansei,kwansei-04,2024,株式会社サイバーエージェント,25,1,demo-kwansei-career
kwansei,kwansei-04,2024,NTTデータ,24,1,demo-kwansei-career
kwansei,kwansei-04,2024,ソニーグループ株式会社,24,1,demo-kwansei-career
kwansei,kwansei-04,2024,パナソニック株式会社,22,1,demo-kwansei-career
kwansei,kwansei-04,2024,富士通株式会社,19,1,demo-kwansei-career
kwansei,kwansei-04,2024,日本電気株式会社,14,1,demo-kwansei-career
kwansei,kwansei-04,2024,関西電力株式会社,11,1,demo-kwansei-career
kwansei,kwansei-04,2024,アクセンチュア株式会社,6,1,demo-kwansei-career
kwansei,kwansei-04,2024,国家公務員,5,1,demo-kwansei-career
kwansei,kwansei-04,2024,西日本旅客鉄道株式会社,4,1,demo-kwansei-career
kwansei,kwansei-04,2024,三菱UFJ銀行,3,1,demo-kwansei-career
kwansei,kwansei-04,2024,株式会社三井住友銀行,3,1,demo-kwansei-career
kwansei,kwansei-04,2024,大和ハウス工業株式会社,3,1,demo-kwansei-career
fukuoka,fukuoka-01,2024,株式会社みずほフィナンシャルグループ,,1,demo-fukuoka-career
fukuoka,fukuoka-01,2024,三菱UFJ銀行,,1,demo-fukuoka-career
fukuoka,fukuoka-01,2024,株式会社三井住友銀行,,1,demo-fukuoka-career
fukuoka,fukuoka-01,2024,楽天グループ株式会社,,1,demo-fukuoka-career
fukuoka,fukuoka-01,2024,株式会社ふくおかフィナンシャルグループ,,1,demo-fukuoka-career
fukuoka,fukuoka-01,2024,ソフトバンク株式会社,,1,demo-fukuoka-career
fukuoka,fukuoka-01,2024,国家公務員,,1,demo-fukuoka-career
fukuoka,fukuoka-01,2024,ユニクロ,,1,demo-fukuoka-career
fukuoka,fukuoka-01,2024,株式会社セブン‐イレブン・ジャパン,,1,demo-fukuoka-career
fukuoka,fukuoka-01,2024,株式会社良品計画,,1,demo-fukuoka-career
fukuoka,fukuoka-02,2024,株式会社三井住友銀行,,1,demo-fukuoka-career
fukuoka,fukuoka-02,2024,ニトリ,,1,demo-fukuoka-career
fukuoka,fukuoka-02,2024,三菱UFJ銀行,,1,demo-fukuoka-career
fukuoka,fukuoka-02,2024,株式会社ふくおかフィナンシャルグループ,,1,demo-fukuoka-career
fukuoka,fukuoka-02,2024,株式会社みずほフィナンシャルグループ,,1,demo-fukuoka-career
fukuoka,fukuoka-02,2024,ソフトバンク株式会社,,1,demo-fukuoka-career
fukuoka,fukuoka-02,2024,楽天グループ株式会社,,1,demo-fukuoka-career
fukuoka,fukuoka-02,2024,株式会社良品計画,,1,demo-fukuoka-career
fukuoka,fukuoka-02,2024,株式会社セブン‐イレブン・ジャパン,,1,demo-fukuoka-career
fukuoka,fukuoka-02,2024,イオンリテール株式会社,,1,demo-fukuoka-career
fukuoka,fukuoka-03,2024,楽天グループ株式会社,,1,demo-fukuoka-career
fukuoka,fukuoka-03,2024,ソフトバンク株式会社,,1,demo-fukuoka-career
fukuoka,fukuoka-03,2024,九州電力株式会社,,1,demo-fukuoka-career
fukuoka,fukuoka-03,2024,トヨタ自動車株式会社,,1,demo-fukuoka-career
fukuoka,fukuoka-03,2024,ソニーグループ株式会社,,1,demo-fukuoka-career
fukuoka,fukuoka-03,2024,花王株式会社,,1,demo-fukuoka-career
fukuoka,fukuoka-03,2024,富士通株式会社,,1,demo-fukuoka-career
fukuoka,fukuoka-03,2024,NTTデータ,,1,demo-fukuoka-career
fukuoka,fukuoka-03,2024,パナソニック株式会社,,1,demo-fukuoka-career
fukuoka,fukuoka-03,2024,株式会社日立製作所,,1,demo-fukuoka-career
