company_id,year,segment,theme,signal_type,value,source_id
accenture,2026,全体,,favorites,23185,demo-onecareer
accenture,2026,全体,,rating,4.32,demo-onecareer
accenture,2026,全体,,selection_reviews,690,demo-onecareer
accenture,2026,全体,,intern_reviews,774,demo-onecareer
accenture,2026,文系,,popularity_rank,1,demo-survey-ranking
accenture,2026,理系,,popularity_rank,3,demo-survey-ranking
accenture,2026,全体,勤務地・転勤,theme_mentions,5,demo-onecareer
accenture,2026,全体,給与・待遇,theme_mentions,14,demo-onecareer
accenture,2026,全体,キャリア可視性,theme_mentions,24,demo-onecareer
accenture,2026,全体,仕事内容,theme_mentions,22,demo-onecareer
accenture,2026,全体,成長環境,theme_mentions,9,demo-onecareer
accenture,2026,全体,働き方,theme_mentions,22,demo-onecareer
mitsubishicorp,2026,全体,,favorites,25647,demo-onecareer
mitsubishicorp,2026,全体,,rating,4.52,demo-onecareer
mitsubishicorp,2026,全体,,selection_reviews,823,demo-onecareer
mitsubishicorp,2026,全体,,intern_reviews,736,demo-onecareer
mitsubishicorp,2026,文系,,popularity_rank,1,demo-survey-ranking
mitsubishicorp,2026,理系,,popularity_rank,12,demo-survey-ranking
mitsubishicorp,2026,全体,勤務地・転勤,theme_mentions,6,demo-onecareer
mitsubishicorp,2026,全体,給与・待遇,theme_mentions,11,demo-onecareer
mitsubishicorp,2026,全体,キャリア可視性,theme_mentions,12,demo-onecareer
mitsubishicorp,2026,全体,仕事内容,theme_mentions,10,demo-onecareer
mitsubishicorp,2026,全体,成長環境,theme_mentions,12,demo-onecareer
mitsubishicorp,2026,全体,働き方,theme_mentions,10,demo-onecareer
itochu,2026,全体,,favorites,20708,demo-onecareer
itochu,2026,全体,,rating,4.41,demo-onecareer
itochu,2026,全体,,selection_reviews,773,demo-onecareer
itochu,2026,全体,,intern_reviews,938,demo-onecareer
itochu,2026,文系,,popularity_rank,2,demo-survey-ranking
itochu,2026,理系,,popularity_rank,14,demo-survey-ranking
itochu,2026,全体,勤務地・転勤,theme_mentions,10,demo-onecareer
itochu,2026,全体,給与・待遇,theme_mentions,19,demo-onecareer
itochu,2026,全体,キャリア可視性,theme_mentions,25,demo-onecareer
itochu,2026,全体,仕事内容,theme_mentions,17,demo-onecareer
itochu,2026,全体,成長環境,theme_mentions,23,demo-onecareer
itochu,2026,全体,働き方,theme_mentions,26,demo-onecareer
nttdata,2026,全体,,favorites,28165,demo-onecareer
nttdata,2026,全体,,rating,4.23,demo-onecareer
nttdata,2026,全体,,selection_reviews,663,demo-onecareer
nttdata,2026,全体,,intern_reviews,835,demo-onecareer
nttdata,2026,文系,,popularity_rank,14,demo-survey-ranking
nttdata,2026,理系,,popularity_rank,7,demo-survey-ranking
nttdata,2026,全体,勤務地・転勤,theme_mentions,5,demo-onecareer
nttdata,2026,全体,給与・待遇,theme_mentions,10,demo-onecareer
nttdata,2026,全体,キャリア可視性,theme_mentions,21,demo-onecareer
nttdata,2026,全体,仕事内容,theme_mentions,9,demo-onecareer
nttdata,2026,全体,成長環境,theme_mentions,25,demo-onecareer
nttdata,2026,全体,働き方,theme_mentions,18,demo-onecareer
mufg,2026,全体,,favorites,23112,demo-onecareer
mufg,2026,全体,,rating,3.98,demo-onecareer
mufg,2026,全体,,selection_reviews,683,demo-onecareer
mufg,2026,全体,,intern_reviews,455,demo-onecareer
mufg,2026,文系,,popularity_rank,6,demo-survey-ranking
mufg,2026,理系,,popularity_rank,18,demo-survey-ranking
mufg,2026,全体,勤務地・転勤,theme_mentions,28,demo-onecareer
mufg,2026,全体,給与・待遇,theme_mentions,14,demo-onecareer
mufg,2026,全体,キャリア可視性,theme_mentions,14,demo-onecareer
mufg,2026,全体,仕事内容,theme_mentions,22,demo-onecareer
mufg,2026,全体,成長環境,theme_mentions,17,demo-onecareer
mufg,2026,全体,働き方,theme_mentions,16,demo-onecareer
sony,2026,全体,,favorites,21197,demo-onecareer
sony,2026,全体,,rating,4.36,demo-onecareer
sony,2026,全体,,selection_reviews,646,demo-onecareer
sony,2026,全体,,intern_reviews,844,demo-onecareer
sony,2026,文系,,popularity_rank,21,demo-survey-ranking
sony,2026,理系,,popularity_rank,15,demo-survey-ranking
sony,2026,全体,勤務地・転勤,theme_mentions,11,demo-onecareer
sony,2026,全体,給与・待遇,theme_mentions,16,demo-onecareer
sony,2026,全体,キャリア可視性,theme_mentions,15,demo-onecareer
sony,2026,全体,仕事内容,theme_mentions,23,demo-onecareer
sony,2026,全体,成長環境,theme_mentions,9,demo-onecareer
sony,2026,全体,働き方,theme_mentions,21,demo-onecareer
suntory,2026,全体,,favorites,31958,demo-onecareer
suntory,2026,全体,,rating,4.19,demo-onecareer
suntory,2026,全体,,selection_reviews,1155,demo-onecareer
suntory,2026,全体,,intern_reviews,987,demo-onecareer
suntory,2026,文系,,popularity_rank,14,demo-survey-ranking
suntory,2026,理系,,popularity_rank,27,demo-survey-ranking
suntory,2026,全体,勤務地・転勤,theme_mentions,7,demo-onecareer
suntory,2026,全体,給与・待遇,theme_mentions,15,demo-onecareer
suntory,2026,全体,キャリア可視性,theme_mentions,17,demo-onecareer
suntory,2026,全体,仕事内容,theme_mentions,9,demo-onecareer
suntory,2026,全体,成長環境,theme_mentions,10,demo-onecareer
suntory,2026,全体,働き方,theme_mentions,12,demo-onecareer
fastretailing,2026,全体,,favorites,27464,demo-onecareer
fastretailing,2026,全体,,rating,4.49,demo-onecareer
fastretailing,2026,全体,,selection_reviews,949,demo-onecareer
fastretailing,2026,全体,,intern_reviews,636,demo-onecareer
fastretailing,2026,文系,,popularity_rank,14,demo-survey-ranking
fastretailing,2026,理系,,popularity_rank,29,demo-survey-ranking
fastretailing,2026,全体,勤務地・転勤,theme_mentions,26,demo-onecareer
fastretailing,2026,全体,給与・待遇,theme_mentions,9,demo-onecareer
fastretailing,2026,全体,キャリア可視性,theme_mentions,23,demo-onecareer
fastretailing,2026,全体,仕事内容,theme_mentions,20,demo-onecareer
fastretailing,2026,全体,成長環境,theme_mentions,14,demo-onecareer
fastretailing,2026,全体,働き方,theme_mentions,19,demo-onecareer
deloitte,2026,全体,,favorites,22986,demo-onecareer
deloitte,2026,全体,,rating,4.24,demo-onecareer
deloitte,2026,全体,,selection_reviews,1401,demo-onecareer
deloitte,2026,全体,,intern_reviews,911,demo-onecareer
deloitte,2026,文系,,popularity_rank,24,demo-survey-ranking
deloitte,2026,理系,,popularity_rank,29,demo-survey-ranking
deloitte,2026,全体,勤務地・転勤,theme_mentions,5,demo-onecareer
deloitte,2026,全体,給与・待遇,theme_mentions,8,demo-onecareer
deloitte,2026,全体,キャリア可視性,theme_mentions,10,demo-onecareer
deloitte,2026,全体,仕事内容,theme_mentions,20,demo-onecareer
deloitte,2026,全体,成長環境,theme_mentions,9,demo-onecareer
deloitte,2026,全体,働き方,theme_mentions,13,demo-onecareer
smbc,2026,全体,,favorites,24330,demo-onecareer
smbc,2026,全体,,rating,3.91,demo-onecareer
smbc,2026,全体,,selection_reviews,687,demo-onecareer
smbc,2026,全体,,intern_reviews,658,demo-onecareer
smbc,2026,文系,,popularity_rank,28,demo-survey-ranking
smbc,2026,理系,,popularity_rank,31,demo-survey-ranking
smbc,2026,全体,勤務地・転勤,theme_mentions,38,demo-onecareer
smbc,2026,全体,給与・待遇,theme_mentions,19,demo-onecareer
smbc,2026,全体,キャリア可視性,theme_mentions,20,demo-onecareer
smbc,2026,全体,仕事内容,theme_mentions,8,demo-onecareer
smbc,2026,全体,成長環境,theme_mentions,15,demo-onecareer
smbc,2026,全体,働き方,theme_mentions,22,demo-onecareer
tokiomarine,2026,全体,,favorites,22823,demo-onecareer
tokiomarine,2026,全体,,rating,4.03,demo-onecareer
tokiomarine,2026,全体,,selection_reviews,1208,demo-onecareer
tokiomarine,2026,全体,,intern_reviews,582,demo-onecareer
tokiomarine,2026,文系,,popularity_rank,23,demo-survey-ranking
tokiomarine,2026,理系,,popularity_rank,35,demo-survey-ranking
tokiomarine,2026,全体,勤務地・転勤,theme_mentions,36,demo-onecareer
tokiomarine,2026,全体,給与・待遇,theme_mentions,9,demo-onecareer
tokiomarine,2026,全体,キャリア可視性,theme_mentions,18,demo-onecareer
tokiomarine,2026,全体,仕事内容,theme_mentions,17,demo-onecareer
tokiomarine,2026,全体,成長環境,theme_mentions,10,demo-onecareer
tokiomarine,2026,全体,働き方,theme_mentions,8,demo-onecareer
toyota,2026,全体,,favorites,22622,demo-onecareer
toyota,2026,全体,,rating,3.99,demo-onecareer
toyota,2026,全体,,selection_reviews,803,demo-onecareer
toyota,2026,全体,,intern_reviews,757,demo-onecareer
toyota,2026,文系,,popularity_rank,38,demo-survey-ranking
toyota,2026,理系,,popularity_rank,28,demo-survey-ranking
toyota,2026,全体,勤務地・転勤,theme_mentions,11,demo-onecareer
toyota,2026,全体,給与・待遇,theme_mentions,22,demo-onecareer
toyota,2026,全体,キャリア可視性,theme_mentions,10,demo-onecareer
toyota,2026,全体,仕事内容,theme_mentions,11,demo-onecareer
toyota,2026,全体,成長環境,theme_mentions,20,demo-onecareer
toyota,2026,全体,働き方,theme_mentions,15,demo-onecareer
mitsuifudosan,2026,全体,,favorites,26141,demo-onecareer
mitsuifudosan,2026,全体,,rating,4.45,demo-onecareer
mitsuifudosan,2026,全体,,selection_reviews,848,demo-onecareer
mitsuifudosan,2026,全体,,intern_reviews,498,demo-onecareer
mitsuifudosan,2026,文系,,popularity_rank,36,demo-survey-ranking
mitsuifudosan,2026,理系,,popularity_rank,44,demo-survey-ranking
mitsuifudosan,2026,全体,勤務地・転勤,theme_mentions,5,demo-onecareer
mitsuifudosan,2026,全体,給与・待遇,theme_mentions,13,demo-onecareer
mitsuifudosan,2026,全体,キャリア可視性,theme_mentions,11,demo-onecareer
mitsuifudosan,2026,全体,仕事内容,theme_mentions,18,demo-onecareer
mitsuifudosan,2026,全体,成長環境,theme_mentions,20,demo-onecareer
mitsuifudosan,2026,全体,働き方,theme_mentions,9,demo-onecareer
nitori,2026,全体,,favorites,26888,demo-onecareer
nitori,2026,全体,,rating,4.39,demo-onecareer
nitori,2026,全体,,selection_reviews,571,demo-onecareer
nitori,2026,全体,,intern_reviews,824,demo-onecareer
nitori,2026,文系,,popularity_rank,35,demo-survey-ranking
nitori,2026,理系,,popularity_rank,46,demo-survey-ranking
nitori,2026,全体,勤務地・転勤,theme_mentions,37,demo-onecareer
nitori,2026,全体,給与・待遇,theme_mentions,12,demo-onecareer
nitori,2026,全体,キャリア可視性,theme_mentions,21,demo-onecareer
nitori,2026,全体,仕事内容,theme_mentions,11,demo-onecareer
nitori,2026,全体,成長環境,theme_mentions,7,demo-onecareer
nitori,2026,全体,働き方,theme_mentions,19,demo-onecareer
recruit,2026,全体,,favorites,27732,demo-onecareer
recruit,2026,全体,,rating,3.84,demo-onecareer
recruit,2026,全体,,selection_reviews,842,demo-onecareer
recruit,2026,全体,,intern_reviews,667,demo-onecareer
recruit,2026,文系,,popularity_rank,36,demo-survey-ranking
recruit,2026,理系,,popularity_rank,50,demo-survey-ranking
recruit,2026,全体,勤務地・転勤,theme_mentions,5,demo-onecareer
recruit,2026,全体,給与・待遇,theme_mentions,7,demo-onecareer
recruit,2026,全体,キャリア可視性,theme_mentions,8,demo-onecareer
recruit,2026,全体,仕事内容,theme_mentions,12,demo-onecareer
recruit,2026,全体,成長環境,theme_mentions,19,demo-onecareer
recruit,2026,全体,働き方,theme_mentions,8,demo-onecareer
pwc,2026,全体,,favorites,26629,demo-onecareer
pwc,2026,全体,,rating,3.94,demo-onecareer
pwc,2026,全体,,selection_reviews,1257,demo-onecareer
pwc,2026,全体,,intern_reviews,512,demo-onecareer
pwc,2026,文系,,popularity_rank,43,demo-survey-ranking
pwc,2026,理系,,popularity_rank,55,demo-survey-ranking
pwc,2026,全体,勤務地・転勤,theme_mentions,8,demo-onecareer
pwc,2026,全体,給与・待遇,theme_mentions,15,demo-onecareer
pwc,2026,全体,キャリア可視性,theme_mentions,17,demo-onecareer
pwc,2026,全体,仕事内容,theme_mentions,13,demo-onecareer
pwc,2026,全体,成長環境,theme_mentions,12,demo-onecareer
pwc,2026,全体,働き方,theme_mentions,10,demo-onecareer
mizuho,2026,全体,,favorites,26792,demo-onecareer
mizuho,2026,全体,,rating,4.04,demo-onecareer
mizuho,2026,全体,,selection_reviews,978,demo-onecareer
mizuho,2026,全体,,intern_reviews,315,demo-onecareer
mizuho,2026,文系,,popularity_rank,48,demo-survey-ranking
mizuho,2026,理系,,popularity_rank,58,demo-survey-ranking
mizuho,2026,全体,勤務地・転勤,theme_mentions,32,demo-onecareer
mizuho,2026,全体,給与・待遇,theme_mentions,15,demo-onecareer
mizuho,2026,全体,キャリア可視性,theme_mentions,10,demo-onecareer
mizuho,2026,全体,仕事内容,theme_mentions,7,demo-onecareer
mizuho,2026,全体,成長環境,theme_mentions,15,demo-onecareer
mizuho,2026,全体,働き方,theme_mentions,8,demo-onecareer
ana,2026,全体,,favorites,29141,demo-onecareer
ana,2026,全体,,rating,4.34,demo-onecareer
ana,2026,全体,,selection_reviews,996,demo-onecareer
ana,2026,全体,,intern_reviews,354,demo-onecareer
ana,2026,文系,,popularity_rank,49,demo-survey-ranking
ana,2026,理系,,popularity_rank,59,demo-survey-ranking
ana,2026,全体,勤務地・転勤,theme_mentions,7,demo-onecareer
ana,2026,全体,給与・待遇,theme_mentions,17,demo-onecareer
ana,2026,全体,キャリア可視性,theme_mentions,15,demo-onecareer
ana,2026,全体,仕事内容,theme_mentions,13,demo-onecareer
ana,2026,全体,成長環境,theme_mentions,9,demo-onecareer
ana,2026,全体,働き方,theme_mentions,8,demo-onecareer
hitachi,2026,全体,,favorites,16705,demo-onecareer
hitachi,2026,全体,,rating,4.34,demo-onecareer
hitachi,2026,全体,,selection_reviews,960,demo-onecareer
hitachi,2026,全体,,intern_reviews,862,demo-onecareer
hitachi,2026,文系,,popularity_rank,58,demo-survey-ranking
hitachi,2026,理系,,popularity_rank,52,demo-survey-ranking
hitachi,2026,全体,勤務地・転勤,theme_mentions,3,demo-onecareer
hitachi,2026,全体,給与・待遇,theme_mentions,16,demo-onecareer
hitachi,2026,全体,キャリア可視性,theme_mentions,17,demo-onecareer
hitachi,2026,全体,仕事内容,theme_mentions,10,demo-onecareer
hitachi,2026,全体,成長環境,theme_mentions,14,demo-onecareer
hitachi,2026,全体,働き方,theme_mentions,13,demo-onecareer
ajinomoto,2026,全体,,favorites,22348,demo-onecareer
ajinomoto,2026,全体,,rating,3.94,demo-onecareer
ajinomoto,2026,全体,,selection_reviews,767,demo-onecareer
ajinomoto,2026,全体,,intern_reviews,445,demo-onecareer
ajinomoto,2026,文系,,popularity_rank,54,demo-survey-ranking
ajinomoto,2026,理系,,popularity_rank,68,demo-survey-ranking
ajinomoto,2026,全体,勤務地・転勤,theme_mentions,7,demo-onecareer
ajinomoto,2026,全体,給与・待遇,theme_mentions,19,demo-onecareer
ajinomoto,2026,全体,キャリア可視性,theme_mentions,14,demo-onecareer
ajinomoto,2026,全体,仕事内容,theme_mentions,19,demo-onecareer
ajinomoto,2026,全体,成長環境,theme_mentions,19,demo-onecareer
ajinomoto,2026,全体,働き方,theme_mentions,15,demo-onecareer
rakuten,2026,全体,,favorites,21801,demo-onecareer
rakuten,2026,全体,,rating,4.06,demo-onecareer
rakuten,2026,全体,,selection_reviews,1127,demo-onecareer
rakuten,2026,全体,,intern_reviews,609,demo-onecareer
rakuten,2026,文系,,popularity_rank,67,demo-survey-ranking
rakuten,2026,理系,,popularity_rank,60,demo-survey-ranking
rakuten,2026,全体,勤務地・転勤,theme_mentions,3,demo-onecareer
rakuten,2026,全体,給与・待遇,theme_mentions,10,demo-onecareer
rakuten,2026,全体,キャリア可視性,theme_mentions,20,demo-onecareer
rakuten,2026,全体,仕事内容,theme_mentions,10,demo-onecareer
rakuten,2026,全体,成長環境,theme_mentions,8,demo-onecareer
rakuten,2026,全体,働き方,theme_mentions,15,demo-onecareer
fujitsu,2026,全体,,favorites,25146,demo-onecareer
fujitsu,2026,全体,,rating,4.27,demo-onecareer
fujitsu,2026,全体,,selection_reviews,853,demo-onecareer
fujitsu,2026,全体,,intern_reviews,637,demo-onecareer
fujitsu,2026,文系,,popularity_rank,68,demo-survey-ranking
fujitsu,2026,理系,,popularity_rank,61,demo-survey-ranking
fujitsu,2026,全体,勤務地・転勤,theme_mentions,4,demo-onecareer
fujitsu,2026,全体,給与・待遇,theme_mentions,20,demo-onecareer
fujitsu,2026,全体,キャリア可視性,theme_mentions,20,demo-onecareer
fujitsu,2026,全体,仕事内容,theme_mentions,19,demo-onecareer
fujitsu,2026,全体,成長環境,theme_mentions,16,demo-onecareer
fujitsu,2026,全体,働き方,theme_mentions,13,demo-onecareer
softbank,2026,全体,,favorites,26893,demo-onecareer
softbank,2026,全体,,rating,3.87,demo-onecareer
softbank,2026,全体,,selection_reviews,852,demo-onecareer
softbank,2026,全体,,intern_reviews,357,demo-onecareer
softbank,2026,文系,,popularity_rank,72,demo-survey-ranking
softbank,2026,理系,,popularity_rank,61,demo-survey-ranking
softbank,2026,全体,勤務地・転勤,theme_mentions,8,demo-onecareer
softbank,2026,全体,給与・待遇,theme_mentions,20,demo-onecareer
softbank,2026,全体,キャリア可視性,theme_mentions,17,demo-onecareer
softbank,2026,全体,仕事内容,theme_mentions,8,demo-onecareer
softbank,2026,全体,成長環境,theme_mentions,17,demo-onecareer
softbank,2026,全体,働き方,theme_mentions,18,demo-onecareer
jal,2026,全体,,favorites,20487,demo-onecareer
jal,2026,全体,,rating,4.2,demo-onecareer
jal,2026,全体,,selection_reviews,681,demo-onecareer
jal,2026,全体,,intern_reviews,695,demo-onecareer
jal,2026,文系,,popularity_rank,65,demo-survey-ranking
jal,2026,理系,,popularity_rank,80,demo-survey-ranking
jal,2026,全体,勤務地・転勤,theme_mentions,4,demo-onecareer
jal,2026,全体,給与・待遇,theme_mentions,9,demo-onecareer
jal,2026,全体,キャリア可視性,theme_mentions,15,demo-onecareer
jal,2026,全体,仕事内容,theme_mentions,18,demo-onecareer
jal,2026,全体,成長環境,theme_mentions,9,demo-onecareer
jal,2026,全体,働き方,theme_mentions,17,demo-onecareer
kao,2026,全体,,favorites,26435,demo-onecareer
kao,2026,全体,,rating,3.78,demo-onecareer
kao,2026,全体,,selection_reviews,1108,demo-onecareer
kao,2026,全体,,intern_reviews,760,demo-onecareer
kao,2026,文系,,popularity_rank,78,demo-survey-ranking
kao,2026,理系,,popularity_rank,71,demo-survey-ranking
kao,2026,全体,勤務地・転勤,theme_mentions,8,demo-onecareer
kao,2026,全体,給与・待遇,theme_mentions,11,demo-onecareer
kao,2026,全体,キャリア可視性,theme_mentions,13,demo-onecareer
kao,2026,全体,仕事内容,theme_mentions,20,demo-onecareer
kao,2026,全体,成長環境,theme_mentions,20,demo-onecareer
kao,2026,全体,働き方,theme_mentions,9,demo-onecareer
cyberagent,2026,全体,,favorites,18242,demo-onecareer
cyberagent,2026,全体,,rating,3.85,demo-onecareer
cyberagent,2026,全体,,selection_reviews,869,demo-onecareer
cyberagent,2026,全体,,intern_reviews,290,demo-onecareer
cyberagent,2026,文系,,popularity_rank,84,demo-survey-ranking
cyberagent,2026,理系,,popularity_rank,70,demo-survey-ranking
cyberagent,2026,全体,勤務地・転勤,theme_mentions,5,demo-onecareer
cyberagent,2026,全体,給与・待遇,theme_mentions,18,demo-onecareer
cyberagent,2026,全体,キャリア可視性,theme_mentions,8,demo-onecareer
cyberagent,2026,全体,仕事内容,theme_mentions,8,demo-onecareer
cyberagent,2026,全体,成長環境,theme_mentions,16,demo-onecareer
cyberagent,2026,全体,働き方,theme_mentions,10,demo-onecareer
nomura,2026,全体,,favorites,15253,demo-onecareer
nomura,2026,全体,,rating,3.85,demo-onecareer
nomura,2026,全体,,selection_reviews,642,demo-onecareer
nomura,2026,全体,,intern_reviews,381,demo-onecareer
nomura,2026,文系,,popularity_rank,72,demo-survey-ranking
nomura,2026,理系,,popularity_rank,88,demo-survey-ranking
nomura,2026,全体,勤務地・転勤,theme_mentions,31,demo-onecareer
nomura,2026,全体,給与・待遇,theme_mentions,17,demo-onecareer
nomura,2026,全体,キャリア可視性,theme_mentions,16,demo-onecareer
nomura,2026,全体,仕事内容,theme_mentions,13,demo-onecareer
nomura,2026,全体,成長環境,theme_mentions,17,demo-onecareer
nomura,2026,全体,働き方,theme_mentions,12,demo-onecareer
ryohin,2026,全体,,favorites,18470,demo-onecareer
ryohin,2026,全体,,rating,3.82,demo-onecareer
ryohin,2026,全体,,selection_reviews,549,demo-onecareer
ryohin,2026,全体,,intern_reviews,674,demo-onecareer
ryohin,2026,文系,,popularity_rank,77,demo-survey-ranking
ryohin,2026,理系,,popularity_rank,84,demo-survey-ranking
ryohin,2026,全体,勤務地・転勤,theme_mentions,23,demo-onecareer
ryohin,2026,全体,給与・待遇,theme_mentions,14,demo-onecareer
ryohin,2026,全体,キャリア可視性,theme_mentions,8,demo-onecareer
ryohin,2026,全体,仕事内容,theme_mentions,13,demo-onecareer
ryohin,2026,全体,成長環境,theme_mentions,15,demo-onecareer
ryohin,2026,全体,働き方,theme_mentions,16,demo-onecareer
nec,2026,全体,,favorites,23137,demo-onecareer
nec,2026,全体,,rating,3.92,demo-onecareer
nec,2026,全体,,selection_reviews,410,demo-onecareer
nec,2026,全体,,intern_reviews,272,demo-onecareer
nec,2026,文系,,popularity_rank,93,demo-survey-ranking
nec,2026,理系,,popularity_rank,78,demo-survey-ranking
nec,2026,全体,勤務地・転勤,theme_mentions,7,demo-onecareer
nec,2026,全体,給与・待遇,theme_mentions,17,demo-onecareer
nec,2026,全体,キャリア可視性,theme_mentions,9,demo-onecareer
nec,2026,全体,仕事内容,theme_mentions,15,demo-onecareer
nec,2026,全体,成長環境,theme_mentions,10,demo-onecareer
nec,2026,全体,働き方,theme_mentions,13,demo-onecareer
panasonic,2026,全体,,favorites,19806,demo-onecareer
panasonic,2026,全体,,rating,3.87,demo-onecareer
panasonic,2026,全体,,selection_reviews,481,demo-onecareer
panasonic,2026,全体,,intern_reviews,537,demo-onecareer
panasonic,2026,文系,,popularity_rank,97,demo-survey-ranking
panasonic,2026,理系,,popularity_rank,80,demo-survey-ranking
panasonic,2026,全体,勤務地・転勤,theme_mentions,7,demo-onecareer
panasonic,2026,全体,給与・待遇,theme_mentions,13,demo-onecareer
panasonic,2026,全体,キャリア可視性,theme_mentions,17,demo-onecareer
panasonic,2026,全体,仕事内容,theme_mentions,15,demo-onecareer
panasonic,2026,全体,成長環境,theme_mentions,12,demo-onecareer
panasonic,2026,全体,働き方,theme_mentions,6,demo-onecareer
daiwahouse,2026,全体,,favorites,13878,demo-onecareer
daiwahouse,2026,全体,,rating,3.83,demo-onecareer
daiwahouse,2026,全体,,selection_reviews,415,demo-onecareer
daiwahouse,2026,全体,,intern_reviews,357,demo-onecareer
daiwahouse,2026,全体,勤務地・転勤,theme_mentions,8,demo-onecareer
daiwahouse,2026,全体,給与・待遇,theme_mentions,15,demo-onecareer
daiwahouse,2026,全体,キャリア可視性,theme_mentions,15,demo-onecareer
daiwahouse,2026,全体,仕事内容,theme_mentions,13,demo-onecareer
daiwahouse,2026,全体,成長環境,theme_mentions,15,demo-onecareer
daiwahouse,2026,全体,働き方,theme_mentions,16,demo-onecareer
jrwest,2026,全体,,favorites,21774,demo-onecareer
jrwest,2026,全体,,rating,3.8,demo-onecareer
jrwest,2026,全体,,selection_reviews,1065,demo-onecareer
jrwest,2026,全体,,intern_reviews,259,demo-onecareer
jrwest,2026,全体,勤務地・転勤,theme_mentions,7,demo-onecareer
jrwest,2026,全体,給与・待遇,theme_mentions,16,demo-onecareer
jrwest,2026,全体,キャリア可視性,theme_mentions,15,demo-onecareer
jrwest,2026,全体,仕事内容,theme_mentions,7,demo-onecareer
jrwest,2026,全体,成長環境,theme_mentions,13,demo-onecareer
jrwest,2026,全体,働き方,theme_mentions,7,demo-onecareer
aeon,2026,全体,,favorites,20072,demo-onecareer
aeon,2026,全体,,rating,3.71,demo-onecareer
aeon,2026,全体,,selection_reviews,916,demo-onecareer
aeon,2026,全体,,intern_reviews,389,demo-onecareer
aeon,2026,全体,勤務地・転勤,theme_mentions,31,demo-onecareer
aeon,2026,全体,給与・待遇,theme_mentions,11,demo-onecareer
aeon,2026,全体,キャリア可視性,theme_mentions,12,demo-onecareer
aeon,2026,全体,仕事内容,theme_mentions,15,demo-onecareer
aeon,2026,全体,成長環境,theme_mentions,15,demo-onecareer
aeon,2026,全体,働き方,theme_mentions,5,demo-onecareer
kepco,2026,全体,,favorites,13038,demo-onecareer
kepco,2026,全体,,rating,3.76,demo-onecareer
kepco,2026,全体,,selection_reviews,553,demo-onecareer
kepco,2026,全体,,intern_reviews,297,demo-onecareer
kepco,2026,全体,勤務地・転勤,theme_mentions,7,demo-onecareer
kepco,2026,全体,給与・待遇,theme_mentions,12,demo-onecareer
kepco,2026,全体,キャリア可視性,theme_mentions,12,demo-onecareer
kepco,2026,全体,仕事内容,theme_mentions,14,demo-onecareer
kepco,2026,全体,成長環境,theme_mentions,9,demo-onecareer
kepco,2026,全体,働き方,theme_mentions,16,demo-onecareer
jtb,2026,全体,,favorites,18264,demo-onecareer
jtb,2026,全体,,rating,3.93,demo-onecareer
jtb,2026,全体,,selection_reviews,341,demo-onecareer
jtb,2026,全体,,intern_reviews,306,demo-onecareer
jtb,2026,全体,勤務地・転勤,theme_mentions,3,demo-onecareer
jtb,2026,全体,給与・待遇,theme_mentions,12,demo-onecareer
jtb,2026,全体,キャリア可視性,theme_mentions,6,demo-onecareer
jtb,2026,全体,仕事内容,theme_mentions,13,demo-onecareer
jtb,2026,全体,成長環境,theme_mentions,11,demo-onecareer
jtb,2026,全体,働き方,theme_mentions,5,demo-onecareer
kyuden,2026,全体,,favorites,11623,demo-onecareer
kyuden,2026,全体,,rating,3.55,demo-onecareer
kyuden,2026,全体,,selection_reviews,449,demo-onecareer
kyuden,2026,全体,,intern_reviews,322,demo-onecareer
kyuden,2026,全体,勤務地・転勤,theme_mentions,7,demo-onecareer
kyuden,2026,全体,給与・待遇,theme_mentions,12,demo-onecareer
kyuden,2026,全体,キャリア可視性,theme_mentions,12,demo-onecareer
kyuden,2026,全体,仕事内容,theme_mentions,14,demo-onecareer
kyuden,2026,全体,成長環境,theme_mentions,6,demo-onecareer
kyuden,2026,全体,働き方,theme_mentions,5,demo-onecareer
seven,2026,全体,,favorites,9935,demo-onecareer
seven,2026,全体,,rating,3.6,demo-onecareer
seven,2026,全体,,selection_reviews,748,demo-onecareer
seven,2026,全体,,intern_reviews,203,demo-onecareer
seven,2026,全体,勤務地・転勤,theme_mentions,9,demo-onecareer
seven,2026,全体,給与・待遇,theme_mentions,5,demo-onecareer
seven,2026,全体,キャリア可視性,theme_mentions,10,demo-onecareer
seven,2026,全体,仕事内容,theme_mentions,5,demo-onecareer
seven,2026,全体,成長環境,theme_mentions,11,demo-onecareer
seven,2026,全体,働き方,theme_mentions,7,demo-onecareer
mazda,2026,全体,,favorites,11659,demo-onecareer
mazda,2026,全体,,rating,3.92,demo-onecareer
mazda,2026,全体,,selection_reviews,491,demo-onecareer
mazda,2026,全体,,intern_reviews,389,demo-onecareer
mazda,2026,全体,勤務地・転勤,theme_mentions,3,demo-onecareer
mazda,2026,全体,給与・待遇,theme_mentions,11,demo-onecareer
mazda,2026,全体,キャリア可視性,theme_mentions,4,demo-onecareer
mazda,2026,全体,仕事内容,theme_mentions,13,demo-onecareer
mazda,2026,全体,成長環境,theme_mentions,6,demo-onecareer
mazda,2026,全体,働き方,theme_mentions,6,demo-onecareer
fukuokafg,2026,全体,,favorites,13555,demo-onecareer
fukuokafg,2026,全体,,rating,3.76,demo-onecareer
fukuokafg,2026,全体,,selection_reviews,383,demo-onecareer
fukuokafg,2026,全体,,intern_reviews,412,demo-onecareer
fukuokafg,2026,全体,勤務地・転勤,theme_mentions,20,demo-onecareer
fukuokafg,2026,全体,給与・待遇,theme_mentions,9,demo-onecareer
fukuokafg,2026,全体,キャリア可視性,theme_mentions,9,demo-onecareer
fukuokafg,2026,全体,仕事内容,theme_mentions,8,demo-onecareer
fukuokafg,2026,全体,成長環境,theme_mentions,10,demo-onecareer
fukuokafg,2026,全体,働き方,theme_mentions,5,demo-onecareer
nipponexpress,2026,全体,,favorites,9866,demo-onecareer
nipponexpress,2026,全体,,rating,3.65,demo-onecareer
nipponexpress,2026,全体,,selection_reviews,310,demo-onecareer
nipponexpress,2026,全体,,intern_reviews,188,demo-onecareer
nipponexpress,2026,全体,勤務地・転勤,theme_mentions,5,demo-onecareer
nipponexpress,2026,全体,給与・待遇,theme_mentions,10,demo-onecareer
nipponexpress,2026,全体,キャリア可視性,theme_mentions,11,demo-onecareer
nipponexpress,2026,全体,仕事内容,theme_mentions,5,demo-onecareer
nipponexpress,2026,全体,成長環境,theme_mentions,11,demo-onecareer
nipponexpress,2026,全体,働き方,theme_mentions,6,demo-onecareer
hirogin,2026,全体,,favorites,11885,demo-onecareer
hirogin,2026,全体,,rating,3.7,demo-onecareer
hirogin,2026,全体,,selection_reviews,300,demo-onecareer
hirogin,2026,全体,,intern_reviews,163,demo-onecareer
hirogin,2026,全体,勤務地・転勤,theme_mentions,10,demo-onecareer
hirogin,2026,全体,給与・待遇,theme_mentions,8,demo-onecareer
hirogin,2026,全体,キャリア可視性,theme_mentions,7,demo-onecareer
hirogin,2026,全体,仕事内容,theme_mentions,7,demo-onecareer
hirogin,2026,全体,成長環境,theme_mentions,8,demo-onecareer
hirogin,2026,全体,働き方,theme_mentions,9,demo-onecareer
yamato,2026,全体,,favorites,9624,demo-onecareer
yamato,2026,全体,,rating,3.3,demo-onecareer
yamato,2026,全体,,selection_reviews,527,demo-onecareer
yamato,2026,全体,,intern_reviews,302,demo-onecareer
yamato,2026,全体,勤務地・転勤,theme_mentions,1,demo-onecareer
yamato,2026,全体,給与・待遇,theme_mentions,5,demo-onecareer
yamato,2026,全体,キャリア可視性,theme_mentions,6,demo-onecareer
yamato,2026,全体,仕事内容,theme_mentions,6,demo-onecareer
yamato,2026,全体,成長環境,theme_mentions,6,demo-onecareer
yamato,2026,全体,働き方,theme_mentions,3,demo-onecareer
