year,segment,theme,metric,value,unit,source_id
2025,全体,安定,企業選択で重視する割合,36.6,%,demo-survey-mynavi
2025,全体,給与,企業選択で重視する割合,31.3,%,demo-survey-mynavi
2025,全体,やりたい仕事,企業選択で重視する割合,43.5,%,demo-survey-mynavi
2025,全体,キャリア,企業選択で重視する割合,25.2,%,demo-survey-mynavi
2025,全体,専門性,企業選択で重視する割合,20.3,%,demo-survey-mynavi
2025,全体,勤務地,企業選択で重視する割合,22.5,%,demo-survey-mynavi
2025,全体,転勤,企業選択で重視する割合,9.6,%,demo-survey-mynavi
2025,全体,福利厚生,企業選択で重視する割合,32.3,%,demo-survey-mynavi
2025,全体,成長,企業選択で重視する割合,31.5,%,demo-survey-mynavi
2025,全体,ワークライフバランス,企業選択で重視する割合,37.2,%,demo-survey-mynavi
2025,全体,転勤が多い,行きたくない会社の条件として選んだ割合,42.2,%,demo-survey-mynavi
2025,全体,ノルマがきつい,行きたくない会社の条件として選んだ割合,46.2,%,demo-survey-mynavi
2025,全体,休日が少ない,行きたくない会社の条件として選んだ割合,39.3,%,demo-survey-mynavi
2025,全体,給与が低い,行きたくない会社の条件として選んだ割合,36.5,%,demo-survey-mynavi
2025,全体,キャリアが見えない,行きたくない会社の条件として選んだ割合,22.6,%,demo-survey-mynavi
2025,文系,安定,企業選択で重視する割合,39.6,%,demo-survey-mynavi
2025,文系,給与,企業選択で重視する割合,32.4,%,demo-survey-mynavi
2025,文系,やりたい仕事,企業選択で重視する割合,40.3,%,demo-survey-mynavi
2025,文系,キャリア,企業選択で重視する割合,25.4,%,demo-survey-mynavi
2025,文系,専門性,企業選択で重視する割合,15.4,%,demo-survey-mynavi
2025,文系,勤務地,企業選択で重視する割合,26.9,%,demo-survey-mynavi
2025,文系,転勤,企業選択で重視する割合,13.2,%,demo-survey-mynavi
2025,文系,福利厚生,企業選択で重視する割合,28.2,%,demo-survey-mynavi
2025,文系,成長,企業選択で重視する割合,30.1,%,demo-survey-mynavi
2025,文系,ワークライフバランス,企業選択で重視する割合,34.1,%,demo-survey-mynavi
2025,文系,転勤が多い,行きたくない会社の条件として選んだ割合,43.1,%,demo-survey-mynavi
2025,文系,ノルマがきつい,行きたくない会社の条件として選んだ割合,44.5,%,demo-survey-mynavi
2025,文系,休日が少ない,行きたくない会社の条件として選んだ割合,36.0,%,demo-survey-mynavi
2025,文系,給与が低い,行きたくない会社の条件として選んだ割合,33.6,%,demo-survey-mynavi
2025,文系,キャリアが見えない,行きたくない会社の条件として選んだ割合,20.5,%,demo-survey-mynavi
2025,理系,安定,企業選択で重視する割合,38.2,%,demo-survey-mynavi
2025,理系,給与,企業選択で重視する割合,35.8,%,demo-survey-mynavi
2025,理系,やりたい仕事,企業選択で重視する割合,43.3,%,demo-survey-mynavi
2025,理系,キャリア,企業選択で重視する割合,29.2,%,demo-survey-mynavi
2025,理系,専門性,企業選択で重視する割合,19.4,%,demo-survey-mynavi
2025,理系,勤務地,企業選択で重視する割合,24.4,%,demo-survey-mynavi
2025,理系,転勤,企業選択で重視する割合,12.9,%,demo-survey-mynavi
2025,理系,福利厚生,企業選択で重視する割合,31.8,%,demo-survey-mynavi
2025,理系,成長,企業選択で重視する割合,29.5,%,demo-survey-mynavi
2025,理系,ワークライフバランス,企業選択で重視する割合,37.9,%,demo-survey-mynavi
2025,理系,転勤が多い,行きたくない会社の条件として選んだ割合,41.7,%,demo-survey-mynavi
2025,理系,ノルマがきつい,行きたくない会社の条件として選んだ割合,43.1,%,demo-survey-mynavi
2025,理系,休日が少ない,行きたくない会社の条件として選んだ割合,33.3,%,demo-survey-mynavi
2025,理系,給与が低い,行きたくない会社の条件として選んだ割合,36.7,%,demo-survey-mynavi
2025,理系,キャリアが見えない,行きたくない会社の条件として選んだ割合,20.2,%,demo-survey-mynavi
2026,全体,安定,企業選択で重視する割合,36.5,%,demo-survey-mynavi
2026,全体,給与,企業選択で重視する割合,37.4,%,demo-survey-mynavi
2026,全体,やりたい仕事,企業選択で重視する割合,44.6,%,demo-survey-mynavi
2026,全体,キャリア,企業選択で重視する割合,26.6,%,demo-survey-mynavi
2026,全体,専門性,企業選択で重視する割合,16.4,%,demo-survey-mynavi
2026,全体,勤務地,企業選択で重視する割合,24.0,%,demo-survey-mynavi
2026,全体,転勤,企業選択で重視する割合,13.5,%,demo-survey-mynavi
2026,全体,福利厚生,企業選択で重視する割合,33.4,%,demo-survey-mynavi
2026,全体,成長,企業選択で重視する割合,30.0,%,demo-survey-mynavi
2026,全体,ワークライフバランス,企業選択で重視する割合,37.9,%,demo-survey-mynavi
2026,全体,転勤が多い,行きたくない会社の条件として選んだ割合,44.2,%,demo-survey-mynavi
2026,全体,ノルマがきつい,行きたくない会社の条件として選んだ割合,44.8,%,demo-survey-mynavi
2026,全体,休日が少ない,行きたくない会社の条件として選んだ割合,39.2,%,demo-survey-mynavi
2026,全体,給与が低い,行きたくない会社の条件として選んだ割合,34.4,%,demo-survey-mynavi
2026,全体,キャリアが見えない,行きたくない会社の条件として選んだ割合,19.3,%,demo-survey-mynavi
2026,文系,安定,企業選択で重視する割合,40.4,%,demo-survey-mynavi
2026,文系,給与,企業選択で重視する割合,33.4,%,demo-survey-mynavi
2026,文系,やりたい仕事,企業選択で重視する割合,44.2,%,demo-survey-mynavi
2026,文系,キャリア,企業選択で重視する割合,30.2,%,demo-survey-mynavi
2026,文系,専門性,企業選択で重視する割合,14.0,%,demo-survey-mynavi
2026,文系,勤務地,企業選択で重視する割合,28.7,%,demo-survey-mynavi
2026,文系,転勤,企業選択で重視する割合,11.9,%,demo-survey-mynavi
2026,文系,福利厚生,企業選択で重視する割合,28.1,%,demo-survey-mynavi
2026,文系,成長,企業選択で重視する割合,27.5,%,demo-survey-mynavi
2026,文系,ワークライフバランス,企業選択で重視する割合,37.7,%,demo-survey-mynavi
2026,文系,転勤が多い,行きたくない会社の条件として選んだ割合,41.3,%,demo-survey-mynavi
2026,文系,ノルマがきつい,行きたくない会社の条件として選んだ割合,44.3,%,demo-survey-mynavi
2026,文系,休日が少ない,行きたくない会社の条件として選んだ割合,33.8,%,demo-survey-mynavi
2026,文系,給与が低い,行きたくない会社の条件として選んだ割合,35.0,%,demo-survey-mynavi
2026,文系,キャリアが見えない,行きたくない会社の条件として選んだ割合,22.6,%,demo-survey-mynavi
2026,理系,安定,企業選択で重視する割合,35.8,%,demo-survey-mynavi
2026,理系,給与,企業選択で重視する割合,32.6,%,demo-survey-mynavi
2026,理系,やりたい仕事,企業選択で重視する割合,39.3,%,demo-survey-mynavi
2026,理系,キャリア,企業選択で重視する割合,28.0,%,demo-survey-mynavi
2026,理系,専門性,企業選択で重視する割合,24.1,%,demo-survey-mynavi
2026,理系,勤務地,企業選択で重視する割合,25.9,%,demo-survey-mynavi
2026,理系,転勤,企業選択で重視する割合,12.4,%,demo-survey-mynavi
2026,理系,福利厚生,企業選択で重視する割合,29.0,%,demo-survey-mynavi
2026,理系,成長,企業選択で重視する割合,27.3,%,demo-survey-mynavi
2026,理系,ワークライフバランス,企業選択で重視する割合,36.3,%,demo-survey-mynavi
2026,理系,転勤が多い,行きたくない会社の条件として選んだ割合,44.6,%,demo-survey-mynavi
2026,理系,ノルマがきつい,行きたくない会社の条件として選んだ割合,42.4,%,demo-survey-mynavi
2026,理系,休日が少ない,行きたくない会社の条件として選んだ割合,37.4,%,demo-survey-mynavi
2026,理系,給与が低い,行きたくない会社の条件として選んだ割合,32.5,%,demo-survey-mynavi
2026,理系,キャリアが見えない,行きたくない会社の条件として選んだ割合,24.2,%,demo-survey-mynavi
