university_id,faculty_id,year,company_name_raw,count,listed,source_id,industry_raw
rikkyo,rikkyo-letters,2025,東京都教員,,1,rikkyo-career-2025,
rikkyo,rikkyo-letters,2025,全日本空輸株式会社,,1,rikkyo-career-2025,
rikkyo,rikkyo-letters,2025,国家公務員一般職,,1,rikkyo-career-2025,
rikkyo,rikkyo-letters,2025,神奈川県教員,,1,rikkyo-career-2025,
rikkyo,rikkyo-letters,2025,損害保険ジャパン株式会社,,1,rikkyo-career-2025,
rikkyo,rikkyo-letters,2025,日本年金機構,,1,rikkyo-career-2025,
rikkyo,rikkyo-letters,2025,千葉県教員,,1,rikkyo-career-2025,
rikkyo,rikkyo-letters,2025,日本航空株式会社,,1,rikkyo-career-2025,
rikkyo,rikkyo-letters,2025,アクセンチュア株式会社,,1,rikkyo-career-2025,
rikkyo,rikkyo-letters,2025,東京都庁,,1,rikkyo-career-2025,
rikkyo,rikkyo-letters,2025,株式会社三菱ＵＦＪ銀行,,1,rikkyo-career-2025,
rikkyo,rikkyo-letters,2025,日本生命保険相互会社,,1,rikkyo-career-2025,
rikkyo,rikkyo-letters,2025,第一生命保険株式会社,,1,rikkyo-career-2025,
rikkyo,rikkyo-letters,2025,三井住友海上あいおい生命保険株式会社,,1,rikkyo-career-2025,
rikkyo,rikkyo-letters,2025,株式会社クリーク・アンド・リバー社,,1,rikkyo-career-2025,
rikkyo,rikkyo-letters,2025,日本電気株式会社（ＮＥＣ）,,1,rikkyo-career-2025,
rikkyo,rikkyo-letters,2025,ＴＩＳ株式会社,,1,rikkyo-career-2025,
rikkyo,rikkyo-letters,2025,国税専門官,,1,rikkyo-career-2025,
rikkyo,rikkyo-letters,2025,埼玉県教員,,1,rikkyo-career-2025,
rikkyo,rikkyo-letters,2025,日本アイ・ビー・エム株式会社,,1,rikkyo-career-2025,
rikkyo,rikkyo-intercultural,2025,日本アイ・ビー・エム株式会社,,1,rikkyo-career-2025,
rikkyo,rikkyo-intercultural,2025,アクセンチュア株式会社,,1,rikkyo-career-2025,
rikkyo,rikkyo-intercultural,2025,株式会社三井住友銀行,,1,rikkyo-career-2025,
rikkyo,rikkyo-intercultural,2025,三菱ＵＦＪ信託銀行株式会社,,1,rikkyo-career-2025,
rikkyo,rikkyo-intercultural,2025,株式会社ソニー・ミュージックエンタテインメント,,1,rikkyo-career-2025,
rikkyo,rikkyo-intercultural,2025,全日本空輸株式会社,,1,rikkyo-career-2025,
rikkyo,rikkyo-intercultural,2025,合同会社デロイトトーマツ,,1,rikkyo-career-2025,
rikkyo,rikkyo-intercultural,2025,株式会社ＪＴＢグローバルマーケティング＆トラベル,,1,rikkyo-career-2025,
rikkyo,rikkyo-intercultural,2025,株式会社エイチ・アイ・エス,,1,rikkyo-career-2025,
rikkyo,rikkyo-intercultural,2025,株式会社エスプールブルードットグリーン,,1,rikkyo-career-2025,
rikkyo,rikkyo-intercultural,2025,株式会社ＧＥＥＫＬＹ,,1,rikkyo-career-2025,
rikkyo,rikkyo-intercultural,2025,ＳＣＳＫ株式会社,,1,rikkyo-career-2025,
rikkyo,rikkyo-intercultural,2025,株式会社ＴＯＫＩＵＭ,,1,rikkyo-career-2025,
rikkyo,rikkyo-intercultural,2025,Ｐ＆Ｇジャパン合同会社,,1,rikkyo-career-2025,
rikkyo,rikkyo-intercultural,2025,日清食品株式会社,,1,rikkyo-career-2025,
rikkyo,rikkyo-intercultural,2025,日本航空株式会社,,1,rikkyo-career-2025,
rikkyo,rikkyo-intercultural,2025,株式会社集英社,,1,rikkyo-career-2025,
rikkyo,rikkyo-intercultural,2025,東京海上日動火災保険株式会社,,1,rikkyo-career-2025,
rikkyo,rikkyo-intercultural,2025,独立行政法人日本貿易振興機構,,1,rikkyo-career-2025,
rikkyo,rikkyo-intercultural,2025,外務省専門職員,,1,rikkyo-career-2025,
rikkyo,rikkyo-economics,2025,大和証券株式会社,,1,rikkyo-career-2025,
rikkyo,rikkyo-economics,2025,りそなグループ,,1,rikkyo-career-2025,
rikkyo,rikkyo-economics,2025,日本電気株式会社（ＮＥＣ）,,1,rikkyo-career-2025,
rikkyo,rikkyo-economics,2025,株式会社三井住友銀行,,1,rikkyo-career-2025,
rikkyo,rikkyo-economics,2025,三井住友信託銀行株式会社,,1,rikkyo-career-2025,
rikkyo,rikkyo-economics,2025,株式会社ジェーシービー,,1,rikkyo-career-2025,
rikkyo,rikkyo-economics,2025,ＳＭＢＣ日興証券株式会社,,1,rikkyo-career-2025,
rikkyo,rikkyo-economics,2025,株式会社ＮＴＴデータグループ,,1,rikkyo-career-2025,
rikkyo,rikkyo-economics,2025,三菱ＵＦＪモルガン・スタンレー証券株式会社,,1,rikkyo-career-2025,
rikkyo,rikkyo-economics,2025,ＳＢＩ新生銀行グループ,,1,rikkyo-career-2025,
rikkyo,rikkyo-economics,2025,全日本空輸株式会社,,1,rikkyo-career-2025,
rikkyo,rikkyo-economics,2025,株式会社キーエンス,,1,rikkyo-career-2025,
rikkyo,rikkyo-economics,2025,株式会社サイバーエージェント,,1,rikkyo-career-2025,
rikkyo,rikkyo-economics,2025,日本アイ・ビー・エム株式会社,,1,rikkyo-career-2025,
rikkyo,rikkyo-economics,2025,ＴＩＳ株式会社,,1,rikkyo-career-2025,
rikkyo,rikkyo-economics,2025,株式会社三菱ＵＦＪ銀行,,1,rikkyo-career-2025,
rikkyo,rikkyo-economics,2025,日本生命保険相互会社,,1,rikkyo-career-2025,
rikkyo,rikkyo-economics,2025,第一生命保険株式会社,,1,rikkyo-career-2025,
rikkyo,rikkyo-economics,2025,みずほ証券株式会社,,1,rikkyo-career-2025,
rikkyo,rikkyo-economics,2025,株式会社かんぽ生命保険,,1,rikkyo-career-2025,
rikkyo,rikkyo-business,2025,アクセンチュア株式会社,,1,rikkyo-career-2025,
rikkyo,rikkyo-business,2025,アビームコンサルティング株式会社,,1,rikkyo-career-2025,
rikkyo,rikkyo-business,2025,株式会社ファーストリテイリング,,1,rikkyo-career-2025,
rikkyo,rikkyo-business,2025,東京海上日動火災保険株式会社,,1,rikkyo-career-2025,
rikkyo,rikkyo-business,2025,株式会社みずほフィナンシャルグループ,,1,rikkyo-career-2025,
rikkyo,rikkyo-business,2025,日本タタ・コンサルタンシー・サービシズ株式会社,,1,rikkyo-career-2025,
rikkyo,rikkyo-business,2025,株式会社ベイカレント,,1,rikkyo-career-2025,
rikkyo,rikkyo-business,2025,株式会社リンクアンドモチベーション,,1,rikkyo-career-2025,
rikkyo,rikkyo-business,2025,アマゾンジャパン合同会社,,1,rikkyo-career-2025,
rikkyo,rikkyo-business,2025,ＰｗＣコンサルティング合同会社,,1,rikkyo-career-2025,
rikkyo,rikkyo-business,2025,野村不動産株式会社,,1,rikkyo-career-2025,
rikkyo,rikkyo-business,2025,東京電力ホールディングス株式会社,,1,rikkyo-career-2025,
rikkyo,rikkyo-business,2025,東急株式会社,,1,rikkyo-career-2025,
rikkyo,rikkyo-business,2025,キリンホールディングス株式会社,,1,rikkyo-career-2025,
rikkyo,rikkyo-business,2025,日本アイ・ビー・エム株式会社,,1,rikkyo-career-2025,
rikkyo,rikkyo-business,2025,楽天グループ株式会社,,1,rikkyo-career-2025,
rikkyo,rikkyo-business,2025,株式会社サイバーエージェント,,1,rikkyo-career-2025,
rikkyo,rikkyo-business,2025,株式会社三井住友銀行,,1,rikkyo-career-2025,
rikkyo,rikkyo-business,2025,三菱ＵＦＪ信託銀行株式会社,,1,rikkyo-career-2025,
rikkyo,rikkyo-business,2025,日本生命保険相互会社,,1,rikkyo-career-2025,
rikkyo,rikkyo-science,2025,株式会社日立製作所,,1,rikkyo-career-2025,
rikkyo,rikkyo-science,2025,株式会社ＮＴＴデータグループ,,1,rikkyo-career-2025,
rikkyo,rikkyo-science,2025,株式会社日本総合研究所,,1,rikkyo-career-2025,
rikkyo,rikkyo-science,2025,ＳＣＳＫ株式会社,,1,rikkyo-career-2025,
rikkyo,rikkyo-science,2025,アヴァント株式会社,,1,rikkyo-career-2025,
rikkyo,rikkyo-science,2025,キヤノンマーケティングジャパン株式会社,,1,rikkyo-career-2025,
rikkyo,rikkyo-science,2025,田中貴金属グループ,,1,rikkyo-career-2025,
rikkyo,rikkyo-science,2025,イーピーエス株式会社,,1,rikkyo-career-2025,
rikkyo,rikkyo-science,2025,株式会社オープンハウス,,1,rikkyo-career-2025,
rikkyo,rikkyo-science,2025,株式会社ＢＲＥＸＡ　Ｔｅｃｈｎｏｌｏｇｙ,,1,rikkyo-career-2025,
rikkyo,rikkyo-science,2025,東京都教員,,1,rikkyo-career-2025,
rikkyo,rikkyo-science,2025,千葉県教員,,1,rikkyo-career-2025,
rikkyo,rikkyo-science,2025,アクセンチュア株式会社,,1,rikkyo-career-2025,
rikkyo,rikkyo-science,2025,日本アイ・ビー・エム株式会社,,1,rikkyo-career-2025,
rikkyo,rikkyo-science,2025,三菱重工業株式会社,,1,rikkyo-career-2025,
rikkyo,rikkyo-science,2025,株式会社キーエンス,,1,rikkyo-career-2025,
rikkyo,rikkyo-science,2025,アサヒ飲料株式会社,,1,rikkyo-career-2025,
rikkyo,rikkyo-science,2025,アステラス製薬株式会社,,1,rikkyo-career-2025,
rikkyo,rikkyo-science,2025,東海旅客鉄道株式会社,,1,rikkyo-career-2025,
rikkyo,rikkyo-science,2025,三菱ＵＦＪ信託銀行株式会社,,1,rikkyo-career-2025,
rikkyo,rikkyo-sociology,2025,株式会社サイバーエージェント,,1,rikkyo-career-2025,
rikkyo,rikkyo-sociology,2025,埼玉県庁,,1,rikkyo-career-2025,
rikkyo,rikkyo-sociology,2025,全日本空輸株式会社,,1,rikkyo-career-2025,
rikkyo,rikkyo-sociology,2025,三井住友海上火災保険株式会社,,1,rikkyo-career-2025,
rikkyo,rikkyo-sociology,2025,東京都特別区,,1,rikkyo-career-2025,
rikkyo,rikkyo-sociology,2025,アクセンチュア株式会社,,1,rikkyo-career-2025,
rikkyo,rikkyo-sociology,2025,りそなグループ,,1,rikkyo-career-2025,
rikkyo,rikkyo-sociology,2025,株式会社ＮＴＴデータグループ,,1,rikkyo-career-2025,
rikkyo,rikkyo-sociology,2025,株式会社ビズリーチ,,1,rikkyo-career-2025,
rikkyo,rikkyo-sociology,2025,パーソルプロセス＆テクノロジー株式会社,,1,rikkyo-career-2025,
rikkyo,rikkyo-sociology,2025,国家公務員一般職,,1,rikkyo-career-2025,
rikkyo,rikkyo-sociology,2025,裁判所事務官一般職,,1,rikkyo-career-2025,
rikkyo,rikkyo-sociology,2025,株式会社三菱ＵＦＪ銀行,,1,rikkyo-career-2025,
rikkyo,rikkyo-sociology,2025,株式会社みずほフィナンシャルグループ,,1,rikkyo-career-2025,
rikkyo,rikkyo-sociology,2025,日本生命保険相互会社,,1,rikkyo-career-2025,
rikkyo,rikkyo-sociology,2025,三井住友カード株式会社,,1,rikkyo-career-2025,
rikkyo,rikkyo-sociology,2025,楽天グループ株式会社,,1,rikkyo-career-2025,
rikkyo,rikkyo-sociology,2025,株式会社日立システムズ,,1,rikkyo-career-2025,
rikkyo,rikkyo-sociology,2025,株式会社オリエンタルランド,,1,rikkyo-career-2025,
rikkyo,rikkyo-sociology,2025,株式会社ベイカレント,,1,rikkyo-career-2025,
rikkyo,rikkyo-law,2025,東京都特別区,,1,rikkyo-career-2025,
rikkyo,rikkyo-law,2025,国家公務員一般職,,1,rikkyo-career-2025,
rikkyo,rikkyo-law,2025,株式会社みずほフィナンシャルグループ,,1,rikkyo-career-2025,
rikkyo,rikkyo-law,2025,東京都庁,,1,rikkyo-career-2025,
rikkyo,rikkyo-law,2025,株式会社ＮＴＴドコモ,,1,rikkyo-career-2025,
rikkyo,rikkyo-law,2025,日本生命保険相互会社,,1,rikkyo-career-2025,
rikkyo,rikkyo-law,2025,裁判所事務官一般職,,1,rikkyo-career-2025,
rikkyo,rikkyo-law,2025,株式会社ＮＴＴデータグループ,,1,rikkyo-career-2025,
rikkyo,rikkyo-law,2025,楽天グループ株式会社,,1,rikkyo-career-2025,
rikkyo,rikkyo-law,2025,株式会社ＮＴＴデータ・アイ,,1,rikkyo-career-2025,
rikkyo,rikkyo-law,2025,株式会社千葉銀行,,1,rikkyo-career-2025,
rikkyo,rikkyo-law,2025,株式会社三菱ＵＦＪ銀行,,1,rikkyo-career-2025,
rikkyo,rikkyo-law,2025,株式会社三井住友銀行,,1,rikkyo-career-2025,
rikkyo,rikkyo-law,2025,農林中央金庫,,1,rikkyo-career-2025,
rikkyo,rikkyo-law,2025,ＳＭＢＣ日興証券株式会社,,1,rikkyo-career-2025,
rikkyo,rikkyo-law,2025,りそなグループ,,1,rikkyo-career-2025,
rikkyo,rikkyo-law,2025,株式会社かんぽ生命保険,,1,rikkyo-career-2025,
rikkyo,rikkyo-law,2025,三菱ＵＦＪインフォメーションテクノロジー株式会社,,1,rikkyo-career-2025,
rikkyo,rikkyo-law,2025,本田技研工業株式会社,,1,rikkyo-career-2025,
rikkyo,rikkyo-law,2025,埼玉県庁,,1,rikkyo-career-2025,
rikkyo,rikkyo-tourism,2025,株式会社ＪＴＢ,,1,rikkyo-career-2025,
rikkyo,rikkyo-tourism,2025,日本航空株式会社,,1,rikkyo-career-2025,
rikkyo,rikkyo-tourism,2025,全日本空輸株式会社,,1,rikkyo-career-2025,
rikkyo,rikkyo-tourism,2025,星野リゾートグループ,,1,rikkyo-career-2025,
rikkyo,rikkyo-tourism,2025,東日本旅客鉄道株式会社,,1,rikkyo-career-2025,
rikkyo,rikkyo-tourism,2025,株式会社西武・プリンスホテルズワールドワイド,,1,rikkyo-career-2025,
rikkyo,rikkyo-tourism,2025,近畿日本ツーリスト株式会社,,1,rikkyo-career-2025,
rikkyo,rikkyo-tourism,2025,株式会社日本旅行,,1,rikkyo-career-2025,
rikkyo,rikkyo-tourism,2025,株式会社エイチ・アイ・エス,,1,rikkyo-career-2025,
rikkyo,rikkyo-tourism,2025,Ｈ．Ｉ．Ｓ．ホテルホールディングス株式会社,,1,rikkyo-career-2025,
rikkyo,rikkyo-tourism,2025,楽天グループ株式会社,,1,rikkyo-career-2025,
rikkyo,rikkyo-tourism,2025,りそなグループ,,1,rikkyo-career-2025,
rikkyo,rikkyo-tourism,2025,ヒルトングループ,,1,rikkyo-career-2025,
rikkyo,rikkyo-tourism,2025,日本空港ビルデング株式会社,,1,rikkyo-career-2025,
rikkyo,rikkyo-tourism,2025,サントリーホールディングス株式会社,,1,rikkyo-career-2025,
rikkyo,rikkyo-tourism,2025,日清オイリオグループ株式会社,,1,rikkyo-career-2025,
rikkyo,rikkyo-tourism,2025,株式会社日本総合研究所,,1,rikkyo-career-2025,
rikkyo,rikkyo-tourism,2025,住友生命保険相互会社,,1,rikkyo-career-2025,
rikkyo,rikkyo-tourism,2025,三井住友カード株式会社,,1,rikkyo-career-2025,
rikkyo,rikkyo-tourism,2025,東京都特別区,,1,rikkyo-career-2025,
rikkyo,rikkyo-community,2025,東京都特別区,,1,rikkyo-career-2025,
rikkyo,rikkyo-community,2025,東京都庁,,1,rikkyo-career-2025,
rikkyo,rikkyo-community,2025,株式会社ファーストリテイリング,,1,rikkyo-career-2025,
rikkyo,rikkyo-community,2025,全日本空輸株式会社,,1,rikkyo-career-2025,
rikkyo,rikkyo-community,2025,株式会社キーエンス,,1,rikkyo-career-2025,
rikkyo,rikkyo-community,2025,株式会社みずほフィナンシャルグループ,,1,rikkyo-career-2025,
rikkyo,rikkyo-community,2025,三井住友海上火災保険株式会社,,1,rikkyo-career-2025,
rikkyo,rikkyo-community,2025,株式会社ベイカレント,,1,rikkyo-career-2025,
rikkyo,rikkyo-community,2025,株式会社日本政策金融公庫,,1,rikkyo-career-2025,
rikkyo,rikkyo-community,2025,日本生命保険相互会社,,1,rikkyo-career-2025,
rikkyo,rikkyo-community,2025,第一生命保険株式会社,,1,rikkyo-career-2025,
rikkyo,rikkyo-community,2025,みずほ証券株式会社,,1,rikkyo-career-2025,
rikkyo,rikkyo-community,2025,ＴＯＰＰＡＮ株式会社,,1,rikkyo-career-2025,
rikkyo,rikkyo-community,2025,テルモ株式会社,,1,rikkyo-career-2025,
rikkyo,rikkyo-community,2025,ＹＫＫ　ＡＰ株式会社,,1,rikkyo-career-2025,
rikkyo,rikkyo-community,2025,三菱自動車工業株式会社,,1,rikkyo-career-2025,
rikkyo,rikkyo-community,2025,ＴＩＳ株式会社,,1,rikkyo-career-2025,
rikkyo,rikkyo-community,2025,国家公務員一般職,,1,rikkyo-career-2025,
rikkyo,rikkyo-community,2025,埼玉県庁,,1,rikkyo-career-2025,
rikkyo,rikkyo-community,2025,横浜市役所,,1,rikkyo-career-2025,
rikkyo,rikkyo-psychology,2025,全日本空輸株式会社,,1,rikkyo-career-2025,
rikkyo,rikkyo-psychology,2025,株式会社クリーク・アンド・リバー社,,1,rikkyo-career-2025,
rikkyo,rikkyo-psychology,2025,パーソルプロセス＆テクノロジー株式会社,,1,rikkyo-career-2025,
rikkyo,rikkyo-psychology,2025,株式会社オリエンタルランド,,1,rikkyo-career-2025,
rikkyo,rikkyo-psychology,2025,ＰｗＣコンサルティング合同会社,,1,rikkyo-career-2025,
rikkyo,rikkyo-psychology,2025,株式会社ノースサンド,,1,rikkyo-career-2025,
rikkyo,rikkyo-psychology,2025,株式会社ソニー・ミュージックエンタテインメント,,1,rikkyo-career-2025,
rikkyo,rikkyo-psychology,2025,株式会社キーワードマーケティング,,1,rikkyo-career-2025,
rikkyo,rikkyo-psychology,2025,ＫＤＤＩ株式会社,,1,rikkyo-career-2025,
rikkyo,rikkyo-psychology,2025,ＵＳＥＮ＆Ｕ－ＮＥＸＴ　ＧＲＯＵＰ,,1,rikkyo-career-2025,
rikkyo,rikkyo-psychology,2025,株式会社ＮＴＴデータＣＣＳ,,1,rikkyo-career-2025,
rikkyo,rikkyo-psychology,2025,株式会社日立システムズ,,1,rikkyo-career-2025,
rikkyo,rikkyo-psychology,2025,株式会社ＳＨＩＦＴ,,1,rikkyo-career-2025,
rikkyo,rikkyo-psychology,2025,株式会社マイナビ,,1,rikkyo-career-2025,
rikkyo,rikkyo-psychology,2025,株式会社東京ドーム,,1,rikkyo-career-2025,
rikkyo,rikkyo-psychology,2025,株式会社三菱ＵＦＪ銀行,,1,rikkyo-career-2025,
rikkyo,rikkyo-psychology,2025,株式会社Ｈａｋｕｈｏｄｏ　ＤＹ　ＯＮＥ,,1,rikkyo-career-2025,
rikkyo,rikkyo-psychology,2025,日本放送協会,,1,rikkyo-career-2025,
rikkyo,rikkyo-psychology,2025,株式会社ＫＡＤＯＫＡＷＡ,,1,rikkyo-career-2025,
rikkyo,rikkyo-psychology,2025,東京都特別区,,1,rikkyo-career-2025,
