university_id,faculty_id,year,industry,count,ratio,source_id
hosei,hosei-law,2025,建設,,0.0230,hosei-law-2025
hosei,hosei-law,2025,製造,,0.0840,hosei-law-2025
hosei,hosei-law,2025,卸・小売,,0.0850,hosei-law-2025
hosei,hosei-law,2025,金融・保険,,0.1440,hosei-law-2025
hosei,hosei-law,2025,不動産・リース,,0.0590,hosei-law-2025
hosei,hosei-law,2025,電気・ガス・水道,,0.0050,hosei-law-2025
hosei,hosei-law,2025,運輸・郵便,,0.0360,hosei-law-2025
hosei,hosei-law,2025,情報・通信,,0.1930,hosei-law-2025
hosei,hosei-law,2025,教育,,0.0160,hosei-law-2025
hosei,hosei-law,2025,サービス,,0.1780,hosei-law-2025
hosei,hosei-law,2025,医療・福祉,,0.0080,hosei-law-2025
hosei,hosei-law,2025,公務,,0.1630,hosei-law-2025
hosei,hosei-law,2025,その他,,0.0040,hosei-law-2025
hosei,hosei-letters,2025,農林水産鉱,,0.0040,hosei-letters-2025
hosei,hosei-letters,2025,建設,,0.0270,hosei-letters-2025
hosei,hosei-letters,2025,製造,,0.0850,hosei-letters-2025
hosei,hosei-letters,2025,卸・小売,,0.1100,hosei-letters-2025
hosei,hosei-letters,2025,金融・保険,,0.0890,hosei-letters-2025
hosei,hosei-letters,2025,不動産・リース,,0.0500,hosei-letters-2025
hosei,hosei-letters,2025,運輸・郵便,,0.0530,hosei-letters-2025
hosei,hosei-letters,2025,情報・通信,,0.2540,hosei-letters-2025
hosei,hosei-letters,2025,教育,,0.0600,hosei-letters-2025
hosei,hosei-letters,2025,サービス,,0.1800,hosei-letters-2025
hosei,hosei-letters,2025,医療・福祉,,0.0180,hosei-letters-2025
hosei,hosei-letters,2025,公務,,0.0600,hosei-letters-2025
hosei,hosei-letters,2025,その他,,0.0070,hosei-letters-2025
hosei,hosei-economics,2025,農林水産鉱,,0.0010,hosei-economics-2025
hosei,hosei-economics,2025,建設,,0.0360,hosei-economics-2025
hosei,hosei-economics,2025,製造,,0.0930,hosei-economics-2025
hosei,hosei-economics,2025,卸・小売,,0.1250,hosei-economics-2025
hosei,hosei-economics,2025,金融・保険,,0.1980,hosei-economics-2025
hosei,hosei-economics,2025,不動産・リース,,0.0490,hosei-economics-2025
hosei,hosei-economics,2025,電気・ガス・水道,,0.0050,hosei-economics-2025
hosei,hosei-economics,2025,運輸・郵便,,0.0230,hosei-economics-2025
hosei,hosei-economics,2025,情報・通信,,0.2010,hosei-economics-2025
hosei,hosei-economics,2025,教育,,0.0150,hosei-economics-2025
hosei,hosei-economics,2025,サービス,,0.1820,hosei-economics-2025
hosei,hosei-economics,2025,医療・福祉,,0.0090,hosei-economics-2025
hosei,hosei-economics,2025,公務,,0.0530,hosei-economics-2025
hosei,hosei-economics,2025,その他,,0.0110,hosei-economics-2025
hosei,hosei-sociology,2025,建設,,0.0330,hosei-sociology-2025
hosei,hosei-sociology,2025,製造,,0.0750,hosei-sociology-2025
hosei,hosei-sociology,2025,卸・小売,,0.1220,hosei-sociology-2025
hosei,hosei-sociology,2025,金融・保険,,0.1250,hosei-sociology-2025
hosei,hosei-sociology,2025,不動産・リース,,0.0520,hosei-sociology-2025
hosei,hosei-sociology,2025,電気・ガス・水道,,0.0010,hosei-sociology-2025
hosei,hosei-sociology,2025,運輸・郵便,,0.0350,hosei-sociology-2025
hosei,hosei-sociology,2025,情報・通信,,0.2600,hosei-sociology-2025
hosei,hosei-sociology,2025,教育,,0.0220,hosei-sociology-2025
hosei,hosei-sociology,2025,サービス,,0.1940,hosei-sociology-2025
hosei,hosei-sociology,2025,医療・福祉,,0.0090,hosei-sociology-2025
hosei,hosei-sociology,2025,公務,,0.0650,hosei-sociology-2025
hosei,hosei-sociology,2025,その他,,0.0060,hosei-sociology-2025
hosei,hosei-business,2025,建設,,0.0240,hosei-business-2025
hosei,hosei-business,2025,製造,,0.0870,hosei-business-2025
hosei,hosei-business,2025,卸・小売,,0.1140,hosei-business-2025
hosei,hosei-business,2025,金融・保険,,0.1940,hosei-business-2025
hosei,hosei-business,2025,不動産・リース,,0.0670,hosei-business-2025
hosei,hosei-business,2025,運輸・郵便,,0.0180,hosei-business-2025
hosei,hosei-business,2025,情報・通信,,0.2350,hosei-business-2025
hosei,hosei-business,2025,教育,,0.0150,hosei-business-2025
hosei,hosei-business,2025,サービス,,0.2080,hosei-business-2025
hosei,hosei-business,2025,医療・福祉,,0.0040,hosei-business-2025
hosei,hosei-business,2025,公務,,0.0240,hosei-business-2025
hosei,hosei-business,2025,その他,,0.0030,hosei-business-2025
hosei,hosei-intercultural,2025,建設,,0.0040,hosei-intercultural-2025
hosei,hosei-intercultural,2025,製造,,0.0970,hosei-intercultural-2025
hosei,hosei-intercultural,2025,卸・小売,,0.1550,hosei-intercultural-2025
hosei,hosei-intercultural,2025,金融・保険,,0.0670,hosei-intercultural-2025
hosei,hosei-intercultural,2025,不動産・リース,,0.0460,hosei-intercultural-2025
hosei,hosei-intercultural,2025,運輸・郵便,,0.1050,hosei-intercultural-2025
hosei,hosei-intercultural,2025,情報・通信,,0.1680,hosei-intercultural-2025
hosei,hosei-intercultural,2025,教育,,0.0170,hosei-intercultural-2025
hosei,hosei-intercultural,2025,サービス,,0.2690,hosei-intercultural-2025
hosei,hosei-intercultural,2025,医療・福祉,,0.0040,hosei-intercultural-2025
hosei,hosei-intercultural,2025,公務,,0.0460,hosei-intercultural-2025
hosei,hosei-environment,2025,建設,,0.0420,hosei-environment-2025
hosei,hosei-environment,2025,製造,,0.1120,hosei-environment-2025
hosei,hosei-environment,2025,卸・小売,,0.0960,hosei-environment-2025
hosei,hosei-environment,2025,金融・保険,,0.1370,hosei-environment-2025
hosei,hosei-environment,2025,不動産・リース,,0.0580,hosei-environment-2025
hosei,hosei-environment,2025,電気・ガス・水道,,0.0060,hosei-environment-2025
hosei,hosei-environment,2025,運輸・郵便,,0.0420,hosei-environment-2025
hosei,hosei-environment,2025,情報・通信,,0.2240,hosei-environment-2025
hosei,hosei-environment,2025,教育,,0.0130,hosei-environment-2025
hosei,hosei-environment,2025,サービス,,0.1760,hosei-environment-2025
hosei,hosei-environment,2025,医療・福祉,,0.0100,hosei-environment-2025
hosei,hosei-environment,2025,公務,,0.0770,hosei-environment-2025
hosei,hosei-welfare,2025,建設,,0.0110,hosei-welfare-2025
hosei,hosei-welfare,2025,製造,,0.0530,hosei-welfare-2025
hosei,hosei-welfare,2025,卸・小売,,0.0420,hosei-welfare-2025
hosei,hosei-welfare,2025,金融・保険,,0.0790,hosei-welfare-2025
hosei,hosei-welfare,2025,不動産・リース,,0.0480,hosei-welfare-2025
hosei,hosei-welfare,2025,電気・ガス・水道,,0.0050,hosei-welfare-2025
hosei,hosei-welfare,2025,運輸・郵便,,0.0320,hosei-welfare-2025
hosei,hosei-welfare,2025,情報・通信,,0.1960,hosei-welfare-2025
hosei,hosei-welfare,2025,教育,,0.0320,hosei-welfare-2025
hosei,hosei-welfare,2025,サービス,,0.1900,hosei-welfare-2025
hosei,hosei-welfare,2025,医療・福祉,,0.1480,hosei-welfare-2025
hosei,hosei-welfare,2025,公務,,0.1480,hosei-welfare-2025
hosei,hosei-welfare,2025,その他,,0.0160,hosei-welfare-2025
hosei,hosei-cis,2025,製造,,0.1010,hosei-cis-2025
hosei,hosei-cis,2025,卸・小売,,0.0830,hosei-cis-2025
hosei,hosei-cis,2025,金融・保険,,0.0090,hosei-cis-2025
hosei,hosei-cis,2025,情報・通信,,0.6060,hosei-cis-2025
hosei,hosei-cis,2025,サービス,,0.1930,hosei-cis-2025
hosei,hosei-careerdesign,2025,建設,,0.0270,hosei-careerdesign-2025
hosei,hosei-careerdesign,2025,製造,,0.0800,hosei-careerdesign-2025
hosei,hosei-careerdesign,2025,卸・小売,,0.1480,hosei-careerdesign-2025
hosei,hosei-careerdesign,2025,金融・保険,,0.1370,hosei-careerdesign-2025
hosei,hosei-careerdesign,2025,不動産・リース,,0.0380,hosei-careerdesign-2025
hosei,hosei-careerdesign,2025,電気・ガス・水道,,0.0040,hosei-careerdesign-2025
hosei,hosei-careerdesign,2025,運輸・郵便,,0.0420,hosei-careerdesign-2025
hosei,hosei-careerdesign,2025,情報・通信,,0.2430,hosei-careerdesign-2025
hosei,hosei-careerdesign,2025,教育,,0.0300,hosei-careerdesign-2025
hosei,hosei-careerdesign,2025,サービス,,0.1940,hosei-careerdesign-2025
hosei,hosei-careerdesign,2025,医療・福祉,,0.0040,hosei-careerdesign-2025
hosei,hosei-careerdesign,2025,公務,,0.0300,hosei-careerdesign-2025
hosei,hosei-careerdesign,2025,その他,,0.0230,hosei-careerdesign-2025
hosei,hosei-design,2025,建設,,0.3600,hosei-design-2025
hosei,hosei-design,2025,製造,,0.1440,hosei-design-2025
hosei,hosei-design,2025,卸・小売,,0.0580,hosei-design-2025
hosei,hosei-design,2025,不動産・リース,,0.0360,hosei-design-2025
hosei,hosei-design,2025,運輸・郵便,,0.0290,hosei-design-2025
hosei,hosei-design,2025,情報・通信,,0.1150,hosei-design-2025
hosei,hosei-design,2025,教育,,0.0070,hosei-design-2025
hosei,hosei-design,2025,サービス,,0.2010,hosei-design-2025
hosei,hosei-design,2025,公務,,0.0430,hosei-design-2025
hosei,hosei-science-eng,2025,建設,,0.0250,hosei-science-eng-2025
hosei,hosei-science-eng,2025,製造,,0.1960,hosei-science-eng-2025
hosei,hosei-science-eng,2025,卸・小売,,0.0540,hosei-science-eng-2025
hosei,hosei-science-eng,2025,金融・保険,,0.0470,hosei-science-eng-2025
hosei,hosei-science-eng,2025,不動産・リース,,0.0220,hosei-science-eng-2025
hosei,hosei-science-eng,2025,電気・ガス・水道,,0.0060,hosei-science-eng-2025
hosei,hosei-science-eng,2025,運輸・郵便,,0.0220,hosei-science-eng-2025
hosei,hosei-science-eng,2025,情報・通信,,0.4320,hosei-science-eng-2025
hosei,hosei-science-eng,2025,教育,,0.0190,hosei-science-eng-2025
hosei,hosei-science-eng,2025,サービス,,0.1360,hosei-science-eng-2025
hosei,hosei-science-eng,2025,医療・福祉,,0.0030,hosei-science-eng-2025
hosei,hosei-science-eng,2025,公務,,0.0320,hosei-science-eng-2025
hosei,hosei-bioscience,2025,農林水産鉱,,0.0160,hosei-bioscience-2025
hosei,hosei-bioscience,2025,建設,,0.0470,hosei-bioscience-2025
hosei,hosei-bioscience,2025,製造,,0.2480,hosei-bioscience-2025
hosei,hosei-bioscience,2025,卸・小売,,0.1090,hosei-bioscience-2025
hosei,hosei-bioscience,2025,金融・保険,,0.0310,hosei-bioscience-2025
hosei,hosei-bioscience,2025,運輸・郵便,,0.0230,hosei-bioscience-2025
hosei,hosei-bioscience,2025,情報・通信,,0.2560,hosei-bioscience-2025
hosei,hosei-bioscience,2025,教育,,0.0230,hosei-bioscience-2025
hosei,hosei-bioscience,2025,サービス,,0.1780,hosei-bioscience-2025
hosei,hosei-bioscience,2025,医療・福祉,,0.0310,hosei-bioscience-2025
hosei,hosei-bioscience,2025,公務,,0.0390,hosei-bioscience-2025
hosei,hosei-gis,2025,建設,,0.0320,hosei-gis-2025
hosei,hosei-gis,2025,製造,,0.1430,hosei-gis-2025
hosei,hosei-gis,2025,卸・小売,,0.1750,hosei-gis-2025
hosei,hosei-gis,2025,金融・保険,,0.0480,hosei-gis-2025
hosei,hosei-gis,2025,不動産・リース,,0.0160,hosei-gis-2025
hosei,hosei-gis,2025,運輸・郵便,,0.0790,hosei-gis-2025
hosei,hosei-gis,2025,情報・通信,,0.1430,hosei-gis-2025
hosei,hosei-gis,2025,サービス,,0.3330,hosei-gis-2025
hosei,hosei-gis,2025,公務,,0.0160,hosei-gis-2025
hosei,hosei-gis,2025,その他,,0.0160,hosei-gis-2025
hosei,hosei-sports,2025,建設,,0.0730,hosei-sports-2025
hosei,hosei-sports,2025,製造,,0.0790,hosei-sports-2025
hosei,hosei-sports,2025,卸・小売,,0.1660,hosei-sports-2025
hosei,hosei-sports,2025,金融・保険,,0.0860,hosei-sports-2025
hosei,hosei-sports,2025,不動産・リース,,0.0400,hosei-sports-2025
hosei,hosei-sports,2025,運輸・郵便,,0.0400,hosei-sports-2025
hosei,hosei-sports,2025,情報・通信,,0.1520,hosei-sports-2025
hosei,hosei-sports,2025,教育,,0.0600,hosei-sports-2025
hosei,hosei-sports,2025,サービス,,0.2250,hosei-sports-2025
hosei,hosei-sports,2025,医療・福祉,,0.0200,hosei-sports-2025
hosei,hosei-sports,2025,公務,,0.0460,hosei-sports-2025
